flightid,callsign,receivetime,packettime,altitude_ft,altitude_m,vert_rate_ftmin,elapsed_secs,flight_phase,position_packet,info,raw,bearing,speed_mph,speed_kph,latitude,longitude,distance_from_launch_mi,distance_from_launch_km,temperature_f,temperature_c,temperature_k,pressure_pa,pressure_atm,airdensity_slugs,airdensity_kgm3,velocity_x_degs,velocity_y_degs,velocity_z_fts,velocity_z_ms,airflow,acceleration_fts2,velocity_mean_fts,acceleration_mean_fts2,velocity_std_fts,acceleration_std_fts2,velocity_norm_fts,acceleration_norm_fts2,velocity_curvefit_fts,acceleration_ms2,velocity_mean_ms,acceleration_mean_ms2,velocity_std_ms,acceleration_std_ms2,velocity_norm_ms,acceleration_norm_ms2,velocity_curvefit_ms,reynolds_transition
EOSS-300,KC0D-3,2020-07-11T08:18:19.134,2020-07-11T14:18:15.000,4995.0,1522.48,46.0,0.0,ascending,true,/141815h4038.93N/10423.06WO164/000/A=004995 231T8534P EOSS QUAL PAYLOAD,"KC0D-3>APZEOS,EOSS,qAO,N2XGL-12:/141815h4038.93N/10423.06WO164/000/A=004995 231T8534P EOSS QUAL PAYLOAD",164.0,0.0,0.0,40.648833333333336,-104.38433333333333,0.0,0.0,73.58,23.1,296.25,85340.0,0.84,0.0019472,1.00354472,0.0,0.0,0.76666667,0.23366667,high Re,,0.766667,,,,,,0.150681,,0.233667,,,,,,0.267751,""
EOSS-300,KC0D-1,2020-07-11T08:18:52.561,2020-07-11T14:18:45.000,5109.0,1557.22,272.0,30.0,ascending,true,/141845h4038.89N/10423.09WO204/030!W96!/A=005109 398T8530P EOSS BALLOON,"KC0D-1>APZEOS,EOSS,qAO,N2XGL-12:/141845h4038.89N/10423.09WO204/030!W96!/A=005109 398T8530P EOSS BALLOON",204.0,35.0,56.3,40.648316666666666,-104.38493333333334,0.05,0.08,103.64,39.8,312.95,85300.0,0.84,0.00184243,0.94954713,-0.00001444,-0.00002556,4.53333333,1.38166667,high Re,0.125556,2.65,0.125556,2.663436,,0.707107,,3.87947,0.038267,0.807667,0.038267,0.811759,,0.707106,,1.271139,""
EOSS-300,AE0SS-13,2020-07-11T08:19:12.669,2020-07-11T14:19:11.000,5381.0,1640.13,400.0,56.0,ascending,true,/141911h4038.74N/10423.17WO214/024EOSS Baloon/A=005381!W56!,"AE0SS-13>APTT4,EOSS,qAR,KD8YQL-10:/141911h4038.74N/10423.17WO214/024EOSS Baloon/A=005381!W56!",214.0,28.0,45.1,40.64575,-104.38626666666667,0.24,0.39,,,,,,,,-0.00003,-0.00005056,6.66666667,2.032,high Re,0.035556,3.988889,0.080556,2.987443,0.06364,0.896344,-0.707102,10.336577,0.010839,1.215778,0.024553,0.910571,0.019395,0.896385,-0.707089,2.437846,""
EOSS-300,KC0D-1,2020-07-11T08:19:18.541,2020-07-11T14:19:15.000,5553.0,1692.55,888.0,60.0,ascending,true,/141915h4038.72N/10423.18WO209/018!W86!/A=005553 403T8398P EOSS BALLOON,"KC0D-1>APZEOS,EOSS,qAO,N2XGL-12:/141915h4038.72N/10423.18WO209/018!W86!/A=005553 403T8398P EOSS BALLOON",209.0,21.0,33.8,40.645466666666664,-104.38643333333334,0.26,0.42,104.54,40.3,313.45,83980.0,0.83,0.00181102,0.93336185,-0.00005,-0.000095,14.8,4.511,high Re,0.271111,6.691667,0.144074,5.930422,0.118864,1.367244,1.068759,12.981196,0.082633,2.039583,0.043913,1.80759,0.036228,1.367244,1.068787,3.950972,""
EOSS-300,AE0SS-13,2020-07-11T08:19:42.689,2020-07-11T14:19:41.000,5883.0,1793.14,1004.0,86.0,ascending,true,/141941h4038.59N/10423.27WO210/017EOSS Baloon/A=005883!W08!,"AE0SS-13>APTT4,EOSS,qAO,N2XGL-12:/141941h4038.59N/10423.27WO210/017EOSS Baloon/A=005883!W08!",210.0,20.0,32.2,40.643166666666666,-104.38796666666667,0.44,0.71,,,,,,,,-0.00005667,-0.00008611,16.73333333,5.10033333,high Re,0.064444,8.7,0.124167,6.822349,0.104902,1.177503,-0.569322,15.80104,0.019644,2.651733,0.037846,2.079465,0.031973,1.177515,-0.569293,5.391956,""
EOSS-300,KC0D-1,2020-07-11T08:19:47.079,2020-07-11T14:19:45.000,6048.0,1843.43,990.0,90.0,ascending,true,/141945h4038.57N/10423.29WO211/013!W73!/A=006048 406T8251P EOSS BALLOON,"KC0D-1>APZEOS,EOSS,qAO,N2XGL-12:/141945h4038.57N/10423.29WO211/013!W73!/A=006048 406T8251P EOSS BALLOON",211.0,15.0,24.1,40.64295,-104.38821666666666,0.45,0.72,105.08,40.6,313.75,82510.0,0.81,0.00177762,0.91614729,-0.00005944,-0.00008389,16.5,5.02933333,high Re,-0.007778,10.0,0.097778,6.88299,0.108329,0.944357,-0.974402,16.407037,-0.002367,3.048,0.029803,2.097976,0.033017,0.944402,-0.974347,5.195328,""
EOSS-300,AE0SS-13,2020-07-11T08:20:12.629,2020-07-11T14:20:11.000,6398.0,1950.11,1030.0,116.0,ascending,true,/142011h4038.52N/10423.31WO165/001EOSS Baloon/A=006398!W93!,"AE0SS-13>APTT4,EOSS,qAR,KD8YQL-10:/142011h4038.52N/10423.31WO165/001EOSS Baloon/A=006398!W93!",165.0,1.0,1.6,40.64215,-104.38855,0.51,0.82,,,,,,,,-0.00001944,-0.00003389,17.16666667,5.23233333,high Re,0.022222,11.02381,0.085185,6.84229,0.101684,0.897778,-0.619203,16.609757,0.006767,3.360048,0.025964,2.085554,0.030992,0.89774,-0.619418,4.623354,""
EOSS-300,KC0D-1,2020-07-11T08:20:16.853,2020-07-11T14:20:15.000,6565.0,2001.01,1034.0,120.0,ascending,true,/142015h4038.52N/10423.30WO157/007!W17!/A=006565 408T8102P EOSS BALLOON,"KC0D-1>APZEOS,EOSS,qAO,W0ARP-1:/142015h4038.52N/10423.30WO157/007!W17!/A=006565 408T8102P EOSS BALLOON",157.0,8.0,12.9,40.64201666666667,-104.38845,0.52,0.84,105.44,40.8,313.95,81020.0,0.8,0.00174441,0.89903003,-7.78e-6,-0.00003111,17.23333333,5.25266667,high Re,0.002222,11.8,0.073333,6.70437,0.097978,0.810417,-0.725785,16.396088,0.000678,3.596625,0.022352,2.043508,0.029863,0.810392,-0.725781,4.70991,""
EOSS-300,KC0D-3,2020-07-11T08:20:19.146,2020-07-11T14:20:15.000,6525.0,1988.82,765.0,120.0,ascending,true,/142015h4038.52N/10423.30WO157/007/A=006525 229T8083P EOSS QUAL PAYLOAD,"KC0D-3>APZEOS,EOSS,qAO,N2XGL-12:/142015h4038.52N/10423.30WO157/007/A=006525 229T8083P EOSS QUAL PAYLOAD",157.0,8.0,12.9,40.642,-104.38833333333334,0.52,0.84,73.22,22.9,296.05,80830.0,0.8,0.00184554,0.95115208,-0.00003333,-0.00005694,12.75,3.88616667,high Re,-0.037361,11.905556,0.059496,6.279353,0.098792,0.134479,-0.980413,16.458384,-0.011387,3.628796,0.018134,1.913962,0.030111,0.13447,-0.980406,4.667929,""
EOSS-300,AE0SS-13,2020-07-11T08:20:42.733,2020-07-11T14:20:41.000,6900.0,2103.12,1004.0,146.0,ascending,true,/142041h4038.49N/10423.26WO119/005EOSS Baloon/A=006900!W16!,"AE0SS-13>APTT4,EOSS,qAO,N2XGL-12:/142041h4038.49N/10423.26WO119/005EOSS Baloon/A=006900!W16!",119.0,6.0,9.7,40.64151666666667,-104.38776666666666,0.54,0.87,,,,,,,,0.00002611,-0.00002111,16.73333333,5.10033333,high Re,0.132778,12.388333,0.067639,6.113909,0.095585,0.710675,0.681477,15.740503,0.040472,3.77595,0.020616,1.863535,0.029134,0.710683,0.68154,5.211564,""
EOSS-300,KC0D-1,2020-07-11T08:20:46.928,2020-07-11T14:20:45.000,7076.0,2156.76,1022.0,150.0,ascending,true,/142045h4038.48N/10423.25WO118/007!W89!/A=007076 408T7959P EOSS BALLOON,"KC0D-1>APZEOS,EOSS,qAO,N6BA-10:/142045h4038.48N/10423.25WO118/007!W89!/A=007076 408T7959P EOSS BALLOON",118.0,8.0,12.9,40.641466666666666,-104.38765000000001,0.54,0.87,105.44,40.8,313.95,79590.0,0.79,0.00171362,0.88316219,0.00002667,-0.00001833,17.03333333,5.19166667,high Re,0.01,12.810606,0.061875,5.966854,0.091944,0.707697,-0.564202,15.385772,0.003044,3.904652,0.018859,1.818706,0.028024,0.707654,-0.564338,5.293925,""
EOSS-300,AE0SS-13,2020-07-11T08:21:12.472,2020-07-11T14:21:11.000,7366.0,2245.16,932.0,176.0,ascending,true,/142111h4038.46N/10423.21WO178/002EOSS Baloon/A=007366!W17!,"AE0SS-13>APTT4,EOSS,qAO,KB0TVJ-1:/142111h4038.46N/10423.21WO178/002EOSS Baloon/A=007366!W17!",178.0,2.0,3.2,40.641016666666665,-104.38695,0.56,0.9,,,,,,,,0.00002722,-0.00001667,15.53333333,4.73466667,high Re,-0.05,13.0375,0.051705,5.743209,0.093521,0.434571,-1.08751,14.910877,-0.015233,3.973819,0.01576,1.750544,0.028504,0.434635,-1.087321,4.931464,""
EOSS-300,KC0D-1,2020-07-11T08:21:16.932,2020-07-11T14:21:15.000,7529.0,2294.84,906.0,180.0,ascending,true,/142115h4038.46N/10423.20WO112/006!W18!/A=007529 405T7833P EOSS BALLOON,"KC0D-1>APZEOS,EOSS,qAO,W0ARP-1:/142115h4038.46N/10423.20WO112/006!W18!/A=007529 405T7833P EOSS BALLOON",112.0,7.0,11.3,40.641016666666665,-104.38680000000001,0.55,0.89,104.9,40.5,313.65,78330.0,0.77,0.0016881,0.87001208,0.00002833,-0.000015,15.1,4.60266667,high Re,-0.014444,13.196154,0.046192,5.528379,0.09119,0.344377,-0.664941,14.730694,-0.0044,4.022192,0.01408,1.685068,0.027793,0.344481,-0.664916,4.581269,""
EOSS-300,KC0D-3,2020-07-11T08:21:19.194,2020-07-11T14:21:15.000,7476.0,2278.68,951.0,180.0,ascending,true,/142115h4038.46N/10423.20WO103/006/A=007476 219T7813P EOSS QUAL PAYLOAD,"KC0D-3>APZEOS,EOSS,qAO,N2XGL-12:/142115h4038.46N/10423.20WO103/006/A=007476 219T7813P EOSS QUAL PAYLOAD",103.0,7.0,11.3,40.641,-104.38666666666667,0.55,0.89,71.42,21.9,295.05,78130.0,0.77,0.00178994,0.92249635,0.00002778,-0.00001667,15.85,4.831,high Re,0.0125,13.385714,0.0436,5.358641,0.087806,0.459871,-0.35419,14.781792,0.003806,4.079964,0.013289,1.633328,0.026762,0.459819,-0.354346,4.696427,""
EOSS-300,AE0SS-13,2020-07-11T08:21:42.385,2020-07-11T14:21:41.000,7780.0,2371.34,828.0,206.0,ascending,true,/142141h4038.43N/10423.16WO149/004EOSS Baloon/A=007780!W19!,"AE0SS-13>APTT4,EOSS,qAO,KB0TVJ-1:/142141h4038.43N/10423.16WO149/004EOSS Baloon/A=007780!W19!",149.0,5.0,8.0,40.64051666666667,-104.38615,0.58,0.93,,,,,,,,0.00002667,-0.00001667,13.8,4.206,high Re,-0.068333,13.413333,0.035605,5.164824,0.089509,0.074865,-1.161202,14.585202,-0.020833,4.088367,0.010852,1.574251,0.027282,0.074723,-1.161388,4.153565,""
EOSS-300,KC0D-1,2020-07-11T08:21:46.786,2020-07-11T14:21:45.000,7943.0,2421.03,828.0,210.0,ascending,true,/142145h4038.42N/10423.16WO137/005!W63!/A=007943 404T7718P EOSS BALLOON,"KC0D-1>APZEOS,EOSS,qAO,W0ARP-1:/142145h4038.42N/10423.16WO137/005!W63!/A=007943 404T7718P EOSS BALLOON",137.0,6.0,9.7,40.640433333333334,-104.38605,0.59,0.95,104.72,40.4,313.55,77180.0,0.76,0.00166385,0.85751242,0.000025,-0.00001944,13.8,4.20633333,high Re,0.0,13.4375,0.033232,4.99063,0.086741,0.072636,-0.383118,14.567466,0.000011,4.09574,0.010129,1.521157,0.026438,0.072703,-0.382707,4.060387,""
EOSS-300,KC0D-3,2020-07-11T08:21:47.594,2020-07-11T14:21:45.000,7909.0,2410.66,866.0,210.0,ascending,true,/142145h4038.42N/10423.16WO134/006/A=007909 206T7700P EOSS QUAL PAYLOAD,"KC0D-3>APZEOS,EOSS,qAO,N2XGL-12:/142145h4038.42N/10423.16WO134/006/A=007909 206T7700P EOSS QUAL PAYLOAD",134.0,7.0,11.3,40.64033333333333,-104.386,0.59,0.95,69.08,20.6,293.75,77000.0,0.76,0.00177186,0.9131777,0.00002222,-0.00002222,14.43333333,4.39933333,high Re,0.021111,13.496078,0.032474,4.838189,0.083855,0.19372,-0.135508,14.566883,0.006433,4.113598,0.009898,1.474693,0.025558,0.193759,-0.135574,4.066294,""
EOSS-300,KC0D-1,2020-07-11T08:22:16.913,2020-07-11T14:22:15.000,8343.0,2542.95,800.0,240.0,ascending,true,/142215h4038.41N/10423.11WO095/005!W43!/A=008343 402T7609P EOSS BALLOON,"KC0D-1>APZEOS,EOSS,qAO,W0ARP-1:/142215h4038.41N/10423.11WO095/005!W43!/A=008343 402T7609P EOSS BALLOON",95.0,6.0,9.7,40.640233333333335,-104.38521666666666,0.6,0.97,104.36,40.2,313.35,76090.0,0.75,0.0016414,0.84594151,0.00002778,-6.67e-6,13.33333333,4.064,high Re,-0.036667,13.487037,0.028407,4.69389,0.082906,-0.032745,-0.784913,14.680333,-0.011178,4.110843,0.008659,1.43071,0.025269,-0.032741,-0.785033,4.338725,""
EOSS-300,KC0D-3,2020-07-11T08:22:19.611,2020-07-11T14:22:15.000,8285.0,2525.27,752.0,240.0,ascending,true,/142215h4038.41N/10423.11WO100/005/A=008285 194T7591P EOSS QUAL PAYLOAD,"KC0D-3>APZEOS,EOSS,qAO,N2XGL-12:/142215h4038.41N/10423.11WO100/005/A=008285 194T7591P EOSS QUAL PAYLOAD",100.0,6.0,9.7,40.640166666666666,-104.38516666666666,0.6,0.97,66.92,19.4,292.55,75910.0,0.75,0.00175394,0.90394361,0.00002778,-5.56e-6,12.53333333,3.82033333,high Re,-0.026667,13.436842,0.025347,4.566885,0.081471,-0.197839,-0.638436,14.657528,-0.008122,4.095553,0.007726,1.391997,0.024832,-0.197716,-0.638209,4.281053,""
EOSS-300,KC0D-1,2020-07-11T08:22:46.809,2020-07-11T14:22:45.000,8811.0,2685.59,936.0,270.0,ascending,true,/142245h4038.40N/10423.05WO106/006!W30!/A=008811 402T7483P EOSS BALLOON,"KC0D-1>APZEOS,EOSS,qAO,W0ARP-1:/142245h4038.40N/10423.05WO106/006!W30!/A=008811 402T7483P EOSS BALLOON",106.0,7.0,11.3,40.64005,-104.38416666666667,0.61,0.98,104.36,40.2,313.35,74830.0,0.74,0.00161422,0.83193327,0.000035,-6.11e-6,15.6,4.75466667,high Re,0.102222,13.545,0.029393,4.471319,0.081116,0.459596,0.897838,14.755107,0.031144,4.128508,0.008959,1.362863,0.024723,0.459444,0.897343,4.483228,""
EOSS-300,KC0D-3,2020-07-11T08:22:47.622,2020-07-11T14:22:45.000,8732.0,2661.51,894.0,270.0,ascending,true,/142245h4038.40N/10423.05WO111/006/A=008732 182T7464P EOSS QUAL PAYLOAD,"KC0D-3>APZEOS,EOSS,qAO,N2XGL-12:/142245h4038.40N/10423.05WO111/006/A=008732 182T7464P EOSS QUAL PAYLOAD",111.0,7.0,11.3,40.64,-104.38416666666667,0.61,0.98,64.76,18.2,291.35,74640.0,0.74,0.0017317,0.89248116,0.00003333,-5.56e-6,14.9,4.54133333,high Re,-0.023333,13.609524,0.026757,4.368122,0.079828,0.29543,-0.627474,14.769075,-0.007111,4.148167,0.008155,1.331406,0.02433,0.295302,-0.627456,4.508168,""
EOSS-300,AE0SS-13,2020-07-11T08:23:12.516,2020-07-11T14:23:11.000,9086.0,2769.41,870.7,296.0,ascending,true,/142311h4038.37N/10422.98WO109/008EOSS Baloon/A=009086!W88!,"AE0SS-13>APTT4,EOSS,qAO,W9CN-9:/142311h4038.37N/10422.98WO109/008EOSS Baloon/A=009086!W88!",109.0,9.0,14.5,40.63963333333333,-104.38313333333333,0.64,1.03,,,,,,,,0.00003352,-9.81e-6,14.51111111,4.423,high Re,-0.004321,13.650505,0.025277,4.267182,0.078102,0.20168,-0.378966,14.555009,-0.001315,4.160659,0.007704,1.300639,0.023804,0.201702,-0.378886,4.353029,""
EOSS-300,KC0D-1,2020-07-11T08:23:16.765,2020-07-11T14:23:15.000,9244.0,2817.57,866.0,300.0,ascending,true,/142315h4038.37N/10422.97WO102/009!W54!/A=009244 400T7367P EOSS BALLOON,"KC0D-1>APZEOS,EOSS,qAO,W0ARP-1:/142315h4038.37N/10422.97WO102/009!W54!/A=009244 400T7367P EOSS BALLOON",102.0,10.0,16.1,40.639583333333334,-104.3829,0.64,1.03,104.0,40.0,313.15,73670.0,0.73,0.00159021,0.8195599,0.00004222,-0.00001556,14.43333333,4.39933333,high Re,-0.002593,13.684541,0.02401,4.172267,0.076451,0.179469,-0.347975,14.303938,-0.000789,4.171036,0.007318,1.27171,0.023301,0.17952,-0.347925,4.335588,""
EOSS-300,KC0D-3,2020-07-11T08:23:19.161,2020-07-11T14:23:15.000,9193.0,2802.03,922.0,300.0,ascending,true,/142315h4038.37N/10422.97WO104/010/A=009193 169T7349P EOSS QUAL PAYLOAD,"KC0D-3>APZEOS,EOSS,qAO,N2XGL-12:/142315h4038.37N/10422.97WO104/010/A=009193 169T7349P EOSS QUAL PAYLOAD",104.0,12.0,19.3,40.6395,-104.38283333333334,0.65,1.05,62.42,16.9,290.05,73490.0,0.73,0.00171266,0.8826689,0.00004444,-0.00001667,15.36666667,4.684,high Re,0.031111,13.75463,0.024319,4.094978,0.074708,0.393662,0.090914,14.397448,0.009489,4.19241,0.007413,1.248157,0.02277,0.393853,0.091173,4.332757,""
EOSS-300,AE0SS-13,2020-07-11T08:23:42.551,2020-07-11T14:23:41.000,9473.0,2887.37,774.0,326.0,ascending,true,/142341h4038.35N/10422.90WO128/009EOSS Baloon/A=009473!W74!,"AE0SS-13>APTT4,EOSS,qAO,W9CN-9:/142341h4038.35N/10422.90WO128/009EOSS Baloon/A=009473!W74!",128.0,10.0,16.1,40.63928333333333,-104.38173333333333,0.67,1.08,,,,,,,,0.00004667,-0.00001167,12.9,3.932,high Re,-0.082222,13.720444,0.01988,4.012401,0.076234,-0.204477,-1.339324,13.721945,-0.025067,4.181993,0.006059,1.222986,0.023235,-0.204412,-1.339617,4.437286,""
EOSS-300,KC0D-1,2020-07-11T08:23:46.788,2020-07-11T14:23:45.000,9653.0,2942.23,818.0,330.0,ascending,true,/142345h4038.35N/10422.89WO111/011!W11!/A=009653 400T7259P EOSS BALLOON,"KC0D-1>APZEOS,EOSS,qAO,W0ARP-1:/142345h4038.35N/10422.89WO111/011!W11!/A=009653 400T7259P EOSS BALLOON",111.0,13.0,20.9,40.639183333333335,-104.38151666666667,0.68,1.09,104.0,40.0,313.15,72590.0,0.72,0.0015669,0.80754518,0.00004611,-0.00001333,13.63333333,4.15533333,high Re,0.024444,13.717094,0.020062,3.931371,0.074634,-0.021306,0.058713,13.062484,0.007444,4.180968,0.006115,1.198288,0.022748,-0.021393,0.058423,4.521179,""
EOSS-300,KC0D-1,2020-07-11T08:24:16.780,2020-07-11T14:24:15.000,10075.0,3070.86,844.0,360.0,ascending,true,/142415h4038.29N/10422.74WO122/017!W66!/A=010075 398T7150P EOSS BALLOON,"KC0D-1>APZEOS,EOSS,qAO,W0ARP-1:/142415h4038.29N/10422.74WO122/017!W66!/A=010075 398T7150P EOSS BALLOON",122.0,20.0,32.2,40.63826666666667,-104.37910000000001,0.78,1.26,103.64,39.8,312.95,71500.0,0.71,0.00154435,0.79592754,0.00008056,-0.00003056,14.06666667,4.28766667,low Re,0.014444,13.730041,0.019846,3.855614,0.073134,0.087308,-0.073864,10.787807,0.004411,4.18492,0.006049,1.175198,0.02229,0.087429,-0.073486,3.763535,high_to_low
EOSS-300,KC0D-3,2020-07-11T08:24:19.143,2020-07-11T14:24:15.000,10015.0,3052.57,822.0,360.0,ascending,true,/142415h4038.29N/10422.74WO125/017/A=010015 156T7131P EOSS QUAL PAYLOAD,"KC0D-3>APZEOS,EOSS,qAO,N2XGL-12:/142415h4038.29N/10422.74WO125/017/A=010015 156T7131P EOSS QUAL PAYLOAD",125.0,20.0,32.2,40.63816666666666,-104.379,0.79,1.27,60.08,15.6,288.75,71310.0,0.7,0.00166934,0.86034154,0.00006389,-0.00002222,13.7,4.17566667,low Re,-0.006111,13.728968,0.018885,3.783544,0.071888,-0.007656,-0.347708,11.171405,-0.001867,4.184589,0.005756,1.153231,0.021911,-0.007737,-0.347907,3.987927,""
EOSS-300,KC0D-1,2020-07-11T08:24:46.805,2020-07-11T14:24:45.000,10320.0,3145.54,490.0,390.0,ascending,true,/142445h4038.22N/10422.57WO123/017!W15!/A=010320 398T7086P EOSS BALLOON,"KC0D-1>APZEOS,EOSS,qAO,W0ARP-1:/142445h4038.22N/10422.57WO123/017!W15!/A=010320 398T7086P EOSS BALLOON",123.0,20.0,32.2,40.63701666666667,-104.37625,0.92,1.48,103.64,39.8,312.95,70860.0,0.7,0.00153053,0.78880316,0.000095,-0.00004167,8.16666667,2.48933333,low Re,-0.184444,13.537165,0.011623,3.85627,0.080331,-1.392667,-2.440739,9.044888,-0.056211,4.126132,0.003543,1.175391,0.024483,-1.392557,-2.440632,2.618012,""
EOSS-300,KC0D-3,2020-07-11T08:24:47.613,2020-07-11T14:24:45.000,10300.0,3139.44,570.0,390.0,ascending,true,/142445h4038.22N/10422.57WO121/017/A=010300 156T7070P EOSS QUAL PAYLOAD,"KC0D-3>APZEOS,EOSS,qAO,N2XGL-12:/142445h4038.22N/10422.57WO121/017/A=010300 156T7070P EOSS QUAL PAYLOAD",121.0,20.0,32.2,40.637,-104.37616666666666,0.92,1.48,60.08,15.6,288.75,70700.0,0.7,0.00165506,0.85298201,0.00009444,-0.00003889,9.5,2.89566667,low Re,0.044444,13.402593,0.012755,3.860223,0.079118,-1.010976,0.400528,9.196537,0.013544,4.085117,0.003888,1.176593,0.024114,-1.010928,0.400431,2.713494,""
EOSS-300,AE0SS-13,2020-07-11T08:25:12.419,2020-07-11T14:25:11.000,10356.0,3156.51,588.7,416.0,ascending,true,/142511h4038.16N/10422.44WO125/014EOSS Baloon/A=010356!W22!,"AE0SS-13>APTT4,EOSS,qAO,KB0TVJ-1:/142511h4038.16N/10422.44WO125/014EOSS Baloon/A=010356!W22!",125.0,16.0,25.7,40.63603333333334,-104.37403333333333,1.04,1.67,,,,,,,,0.00008556,-0.00003611,9.81111111,2.99044444,low Re,0.003457,13.286738,0.012445,3.849766,0.077761,-0.902815,-0.115585,8.768403,0.001053,4.049805,0.003793,1.173406,0.0237,-0.902808,-0.115612,2.451794,""
EOSS-300,KC0D-3,2020-07-11T08:25:19.127,2020-07-11T14:25:14.000,10417.0,3175.1,242.1,419.0,ascending,true,/142514h4038.15N/10422.42WO117/015/A=010417 156T7025P EOSS QUAL PAYLOAD,"KC0D-3>APZEOS,EOSS,qAO,N2XGL-12:/142514h4038.15N/10422.42WO117/015/A=010417 156T7025P EOSS QUAL PAYLOAD",117.0,17.0,27.4,40.63583333333333,-104.37366666666667,1.06,1.71,60.08,15.6,288.75,70250.0,0.69,0.00164452,0.84755284,0.00008621,-0.00004023,4.03448276,1.22965517,low Re,-0.199194,12.997605,0.005618,4.125257,0.085382,-2.172743,-2.398773,8.290576,-0.060717,3.961675,0.001712,1.25738,0.026023,-2.172788,-2.398993,2.194145,""
EOSS-300,KC0D-1,2020-07-11T08:25:16.828,2020-07-11T14:25:15.000,10494.0,3198.57,348.0,420.0,ascending,true,/142515h4038.15N/10422.42WO117/015!W42!/A=010494 396T7042P EOSS BALLOON,"KC0D-1>APZEOS,EOSS,qAR,W0ARP:/142515h4038.15N/10422.42WO117/015!W42!/A=010494 396T7042P EOSS BALLOON",117.0,17.0,27.4,40.6359,-104.3737,1.05,1.69,103.28,39.6,312.75,70420.0,0.69,0.001522,0.78440644,0.000085,-0.00003722,5.8,1.76766667,low Re,0.058851,12.779496,0.007281,4.249212,0.084519,-1.642539,0.610159,7.673539,0.017934,3.89519,0.002219,1.295171,0.02576,-1.642658,0.610054,1.930832,""
EOSS-300,AE0SS-13,2020-07-11T08:25:42.521,2020-07-11T14:25:41.000,10520.0,3206.5,328.0,446.0,ascending,true,/142541h4038.10N/10422.28WO109/014EOSS Baloon/A=010520!W77!,"AE0SS-13>APTT4,EOSS,qAO,KB0TVJ-1:/142541h4038.10N/10422.28WO109/014EOSS Baloon/A=010520!W77!",109.0,16.0,25.7,40.63511666666666,-104.37145000000001,1.16,1.87,,,,,,,,0.00008611,-0.00003056,5.46666667,1.66633333,low Re,-0.011111,12.564413,0.006724,4.36824,0.083249,-1.624853,-0.214237,7.462439,-0.003378,3.829635,0.00205,1.331445,0.025373,-1.624777,-0.213928,1.860993,""
EOSS-300,KC0D-1,2020-07-11T08:25:46.879,2020-07-11T14:25:45.000,10656.0,3247.95,324.0,450.0,ascending,true,/142545h4038.09N/10422.26WO110/015!W96!/A=010656 397T7000P EOSS BALLOON,"KC0D-1>APZEOS,EOSS,qAR,W0ARP:/142545h4038.09N/10422.26WO110/015!W96!/A=010656 397T7000P EOSS BALLOON",110.0,17.0,27.4,40.63498333333333,-104.3711,1.18,1.9,103.46,39.7,312.85,70000.0,0.69,0.00151244,0.77947884,0.00008667,-0.00003056,5.4,1.646,low Re,-0.002222,12.359715,0.006461,4.470664,0.081993,-1.556752,-0.105899,6.345747,-0.000678,3.767246,0.001969,1.36266,0.02499,-1.556695,-0.105922,1.666292,""
EOSS-300,KC0D-3,2020-07-11T08:25:47.768,2020-07-11T14:25:45.000,10605.0,3232.4,363.9,450.0,ascending,true,/142545h4038.09N/10422.26WO111/015/A=010605 154T6984P EOSS QUAL PAYLOAD,"KC0D-3>APZEOS,EOSS,qAO,N2XGL-12:/142545h4038.09N/10422.26WO111/015/A=010605 154T6984P EOSS QUAL PAYLOAD",111.0,17.0,27.4,40.63483333333333,-104.371,1.19,1.92,59.72,15.4,288.55,69840.0,0.69,0.00163606,0.8431903,0.00008602,-0.00003226,6.06451613,1.8483871,low Re,0.021436,12.184849,0.006889,4.529526,0.080817,-1.351208,0.179999,6.765965,0.006529,3.713944,0.0021,1.380604,0.024632,-1.351261,0.179807,1.706724,""
EOSS-300,AE0SS-13,2020-07-11T08:26:12.460,2020-07-11T14:26:11.000,10690.0,3258.31,340.0,476.0,ascending,true,/142611h4038.05N/10422.12WO114/016EOSS Baloon/A=010690!W56!,"AE0SS-13>APTT4,EOSS,qAO,KB0TVJ-1:/142611h4038.05N/10422.12WO114/016EOSS Baloon/A=010690!W56!",114.0,18.0,29.0,40.63425,-104.36876666666667,1.3,2.09,,,,,,,,0.00008944,-0.00002889,5.66666667,1.727,low Re,-0.013262,12.008682,0.006329,4.592928,0.079725,-1.380822,-0.245732,6.06572,-0.004046,3.660243,0.001929,1.399937,0.024299,-1.38095,-0.245895,1.657486,""
EOSS-300,KC0D-1,2020-07-11T08:26:16.836,2020-07-11T14:26:15.000,10830.0,3300.98,348.0,480.0,ascending,true,/142615h4038.04N/10422.10WO116/016!W76!/A=010830 395T6956P EOSS BALLOON,"KC0D-1>APZEOS,EOSS,qAR,W0ARP:/142615h4038.04N/10422.10WO116/016!W76!/A=010830 395T6956P EOSS BALLOON",116.0,18.0,29.0,40.634116666666664,-104.36843333333334,1.31,2.11,103.1,39.5,312.65,69560.0,0.69,0.00150389,0.77507475,0.00008889,-0.00002889,5.8,1.76766667,low Re,0.004444,11.845295,0.006278,4.641042,0.078611,-1.302573,-0.02333,4.927222,0.001356,3.610438,0.001913,1.414607,0.02396,-1.302674,-0.023247,1.683455,""
EOSS-300,KC0D-3,2020-07-11T08:26:19.204,2020-07-11T14:26:15.000,10790.0,3288.79,370.0,480.0,ascending,true,/142615h4038.04N/10422.10WO114/015/A=010790 148T6939P EOSS QUAL PAYLOAD,"KC0D-3>APZEOS,EOSS,qAO,N2XGL-12:/142615h4038.04N/10422.10WO114/015/A=010790 148T6939P EOSS QUAL PAYLOAD",114.0,17.0,27.4,40.634,-104.36833333333334,1.32,2.12,58.64,14.8,287.95,69390.0,0.68,0.0016289,0.839503,0.00008889,-0.00002778,6.16666667,1.87966667,low Re,0.012222,11.699689,0.006435,4.668971,0.077547,-1.185062,0.074626,5.24871,0.003733,3.566059,0.001961,1.423117,0.023635,-1.184999,0.074974,1.677435,""
EOSS-300,AE0SS-13,2020-07-11T08:26:42.376,2020-07-11T14:26:41.000,10861.0,3310.43,342.0,506.0,ascending,true,/142641h4037.99N/10421.96WO118/016EOSS Baloon/A=010861!W35!,"AE0SS-13>APTT4,EOSS,qAO,KB0TVJ-1:/142641h4037.99N/10421.96WO118/016EOSS Baloon/A=010861!W35!",118.0,18.0,29.0,40.63321666666667,-104.36608333333334,1.44,2.32,,,,,,,,0.00008944,-0.00003444,5.7,1.73733333,low Re,-0.015556,11.549697,0.005871,4.705342,0.076601,-1.243203,-0.279722,4.681213,-0.004744,3.520341,0.001789,1.434203,0.023347,-1.243205,-0.279822,1.677586,""
EOSS-300,KC0D-1,2020-07-11T08:26:46.808,2020-07-11T14:26:45.000,10991.0,3350.06,322.0,510.0,ascending,true,/142645h4037.98N/10421.94WO118/018!W31!/A=010991 396T6915P EOSS BALLOON,"KC0D-1>APZEOS,EOSS,qAR,W0ARP:/142645h4037.98N/10421.94WO118/018!W31!/A=010991 396T6915P EOSS BALLOON",118.0,21.0,33.8,40.633050000000004,-104.36568333333334,1.46,2.35,103.28,39.6,312.75,69150.0,0.68,0.00149455,0.77025995,0.00009167,-0.00003556,5.36666667,1.636,low Re,-0.011111,11.398892,0.005446,4.745437,0.07566,-1.271163,-0.218834,3.692337,-0.003378,3.474382,0.00166,1.446416,0.02306,-1.270991,-0.218474,1.444186,""
EOSS-300,KC0D-3,2020-07-11T08:26:47.617,2020-07-11T14:26:45.000,10949.0,3337.26,318.0,510.0,ascending,true,/142645h4037.98N/10421.94WO118/017/A=010949 146T6901P EOSS QUAL PAYLOAD,"KC0D-3>APZEOS,EOSS,qAO,N2XGL-12:/142645h4037.98N/10421.94WO118/017/A=010949 146T6901P EOSS QUAL PAYLOAD",118.0,20.0,32.2,40.633,-104.36566666666667,1.47,2.37,58.28,14.6,287.75,69010.0,0.68,0.00162111,0.83548594,0.00008889,-0.00003333,5.3,1.61566667,low Re,-0.002222,11.25368,0.005259,4.780748,0.074718,-1.245345,-0.100123,4.002856,-0.000678,3.430127,0.001603,1.457172,0.022773,-1.245193,-0.100162,1.565963,""
EOSS-300,KC0D-1,2020-07-11T08:27:16.856,2020-07-11T14:27:15.000,11104.0,3384.5,226.0,540.0,ascending,true,/142715h4037.91N/10421.77WO120/017!W16!/A=011104 394T6887P EOSS BALLOON,"KC0D-1>APZEOS,EOSS,qAR,W0ARP:/142715h4037.91N/10421.77WO120/017!W16!/A=011104 394T6887P EOSS BALLOON",120.0,20.0,32.2,40.63185,-104.36293333333333,1.62,2.61,102.92,39.4,312.55,68870.0,0.68,0.00148945,0.76763193,0.00009167,-0.00004,3.76666667,1.148,low Re,-0.051111,11.079563,0.003917,4.859525,0.074312,-1.504858,-0.7405,2.914089,-0.015589,3.377054,0.001194,1.481186,0.02265,-1.504912,-0.740971,0.896768,""
EOSS-300,KC0D-3,2020-07-11T08:27:19.201,2020-07-11T14:27:15.000,11041.0,3365.3,184.0,540.0,ascending,true,/142715h4037.91N/10421.77WO119/017/A=011041 142T6871P EOSS QUAL PAYLOAD,"KC0D-3>APZEOS,EOSS,qAO,N2XGL-12:/142715h4037.91N/10421.77WO119/017/A=011041 142T6871P EOSS QUAL PAYLOAD",119.0,20.0,32.2,40.63183333333333,-104.36283333333333,1.63,2.62,57.56,14.2,287.35,68710.0,0.68,0.00161631,0.83301188,0.00009444,-0.00003889,3.06666667,0.93466667,low Re,-0.023333,10.897452,0.003283,4.952276,0.07354,-1.58125,-0.361925,3.336642,-0.007111,3.321545,0.001001,1.509458,0.022414,-1.581282,-0.361917,1.234913,""
EOSS-300,AE0SS-13,2020-07-11T08:27:42.455,2020-07-11T14:27:41.000,11064.0,3372.31,203.0,566.0,ascending,true,/142741h4037.84N/10421.63WO121/017EOSS Baloon/A=011064!W83!,"AE0SS-13>APTT4,EOSS,qAO,W9CN-9:/142741h4037.84N/10421.63WO121/017EOSS Baloon/A=011064!W83!",121.0,20.0,32.2,40.6308,-104.36055,1.76,2.83,,,,,,,,0.00009222,-0.00004028,3.38333333,1.03133333,low Re,0.005278,10.730472,0.003329,5.022187,0.07268,-1.462936,0.026816,3.178814,0.001611,3.270652,0.001015,1.530764,0.022152,-1.462876,0.026905,1.118151,""
EOSS-300,KC0D-1,2020-07-11T08:27:46.832,2020-07-11T14:27:45.000,11186.0,3409.49,164.0,570.0,ascending,true,/142745h4037.83N/10421.61WO121/017!W71!/A=011186 395T6866P EOSS BALLOON,"KC0D-1>APZEOS,EOSS,qAR,W0ARP:/142745h4037.83N/10421.61WO121/017!W71!/A=011186 395T6866P EOSS BALLOON",121.0,20.0,32.2,40.63061666666666,-104.36018333333334,1.78,2.86,103.1,39.5,312.65,68660.0,0.68,0.00148444,0.76504647,0.00009167,-0.00004111,2.73333333,0.833,low Re,-0.021667,10.556621,0.002773,5.104133,0.071946,-1.532736,-0.339699,2.415829,-0.006611,3.217659,0.000845,1.555745,0.021928,-1.532808,-0.340022,0.510507,""
EOSS-300,AE0SS-13,2020-07-11T08:28:12.464,2020-07-11T14:28:11.000,11107.0,3385.41,86.0,596.0,ascending,true,/142811h4037.77N/10421.47WO121/017EOSS Baloon/A=011107!W11!,"AE0SS-13>APTT4,EOSS,qAR,W0ARP:/142811h4037.77N/10421.47WO121/017EOSS Baloon/A=011107!W11!",121.0,20.0,32.2,40.62951666666667,-104.35785,1.92,3.09,,,,,,,,0.00009,-0.00004278,1.43333333,0.43666667,low Re,-0.043333,10.362508,0.001771,5.220801,0.071466,-1.710307,-0.631125,2.894766,-0.013211,3.158489,0.00054,1.591314,0.021782,-1.710424,-0.631301,0.87991,""
EOSS-300,KC0D-1,2020-07-11T08:28:16.869,2020-07-11T14:28:15.000,11223.0,3420.77,74.0,600.0,ascending,true,/142815h4037.76N/10421.44WO121/018!W09!/A=011223 393T6857P EOSS BALLOON,"KC0D-1>APZEOS,EOSS,qAR,W0ARP:/142815h4037.76N/10421.44WO121/018!W09!/A=011223 393T6857P EOSS BALLOON",121.0,21.0,33.8,40.629333333333335,-104.35748333333333,1.95,3.14,102.74,39.3,312.45,68570.0,0.68,0.00148344,0.76453271,0.00009,-0.00004278,1.23333333,0.376,low Re,-0.006667,10.172317,0.001591,5.330396,0.070696,-1.676983,-0.11681,2.213434,-0.002022,3.100521,0.000485,1.624715,0.021547,-1.676922,-0.11635,0.482785,""
EOSS-300,KC0D-3,2020-07-11T08:28:19.196,2020-07-11T14:28:15.000,11170.0,3404.62,129.0,0.0,descending,true,/142815h4037.76N/10421.44WO120/017/A=011170 149T6842P EOSS QUAL PAYLOAD,"KC0D-3>APZEOS,EOSS,qAO,N2XGL-12:/142815h4037.76N/10421.44WO120/017/A=011170 149T6842P EOSS QUAL PAYLOAD",120.0,20.0,32.2,40.629333333333335,-104.35733333333333,1.95,3.14,58.82,14.9,288.05,68420.0,0.68,0.00160558,0.82748025,0.00009167,-0.00004167,2.15,0.65533333,n/a,,2.15,,,,,,-0.31442,,0.655333,,,,,,-0.095752,""
EOSS-300,KC0D-3,2020-07-11T08:28:47.730,2020-07-11T14:28:44.000,11167.0,3403.7,-6.2,29.0,descending,true,/142844h4037.68N/10421.29WO121/017/A=011167 149T6847P EOSS QUAL PAYLOAD,"KC0D-3>APZEOS,EOSS,qAO,N2XGL-12:/142844h4037.68N/10421.29WO121/017/A=011167 149T6847P EOSS QUAL PAYLOAD",121.0,20.0,32.2,40.628,-104.35483333333333,2.11,3.4,58.82,14.9,288.05,68470.0,0.68,0.00160675,0.82808496,0.00008621,-0.00004598,-0.10344828,-0.03172414,n/a,-0.077705,1.023276,-0.077705,1.593429,,-0.707107,,-0.394813,-0.023692,0.311805,-0.023692,0.485823,,-0.707108,,-0.120407,""
EOSS-300,KC0D-1,2020-07-11T08:28:46.832,2020-07-11T14:28:45.000,11202.0,3414.37,-42.0,30.0,descending,true,/142845h4037.68N/10421.28WO121/017!W44!/A=011202 395T6862P EOSS BALLOON,"KC0D-1>APZEOS,EOSS,qAR,W0ARP:/142845h4037.68N/10421.28WO121/017!W44!/A=011202 395T6862P EOSS BALLOON",121.0,20.0,32.2,40.62806666666667,-104.35473333333334,2.11,3.4,103.1,39.5,312.65,68620.0,0.68,0.00148357,0.76460077,0.00009167,-0.00004222,-0.7,-0.21333333,n/a,-0.019885,0.448851,-0.048795,1.50313,0.040885,-0.764306,0.707105,0.669476,-0.006054,0.136759,-0.014873,0.458187,0.012472,-0.764082,0.707104,0.204054,""
EOSS-300,AE0SS-13,2020-07-11T08:29:12.727,2020-07-11T14:29:11.000,11022.0,3359.51,-85.0,56.0,descending,true,/142911h4037.61N/10421.14WO122/017EOSS Baloon/A=011022!W97!,"AE0SS-13>APTT4,EOSS,qAO,N2XGL-12:/142911h4037.61N/10421.14WO122/017EOSS Baloon/A=011022!W97!",122.0,20.0,32.2,40.62698333333333,-104.35245,2.25,3.62,,,,,,,,0.00009,-0.00004222,-1.41666667,-0.43166667,n/a,-0.011944,-0.017529,-0.036511,1.541527,0.035895,-0.907631,0.684413,-2.827954,-0.003639,-0.005348,-0.011128,0.469823,0.010947,-0.907403,0.684114,-0.86197,""
EOSS-300,KC0D-1,2020-07-11T08:29:16.797,2020-07-11T14:29:15.000,11118.0,3388.77,-168.0,60.0,descending,true,/142915h4037.60N/10421.12WO122/018!W84!/A=011118 394T6882P EOSS BALLOON,"KC0D-1>APZEOS,EOSS,qAR,W0ARP:/142915h4037.60N/10421.12WO122/018!W84!/A=011118 394T6882P EOSS BALLOON",122.0,21.0,33.8,40.626799999999996,-104.35206666666667,2.27,3.65,102.92,39.4,312.55,68820.0,0.68,0.00148837,0.76707462,0.00008889,-0.00004222,-2.8,-0.85333333,n/a,-0.046111,-0.574023,-0.038911,1.825009,0.029699,-1.219707,-0.242432,-1.483951,-0.014056,-0.174945,-0.01186,0.556207,0.009057,-1.219669,-0.242464,-0.452283,""
EOSS-300,KC0D-3,2020-07-11T08:29:19.495,2020-07-11T14:29:15.000,11061.0,3371.39,-205.2,60.0,descending,true,/142915h4037.60N/10421.12WO121/017/A=011061 144T6868P EOSS QUAL PAYLOAD,"KC0D-3>APZEOS,EOSS,qAO,N2XGL-12:/142915h4037.60N/10421.12WO121/017/A=011061 144T6868P EOSS QUAL PAYLOAD",121.0,20.0,32.2,40.626666666666665,-104.352,2.28,3.67,57.92,14.4,287.55,68680.0,0.68,0.00161448,0.83206904,0.0000914,-0.00004301,-3.41935484,-1.04225806,n/a,-0.019979,-1.048245,-0.035125,2.003458,0.027078,-1.183509,0.559347,-2.368774,-0.006094,-0.319497,-0.010707,0.610627,0.008257,-1.183638,0.558677,-0.722092,""
EOSS-300,AE0SS-13,2020-07-11T08:29:42.544,2020-07-11T14:29:41.000,10923.0,3329.33,-198.0,86.0,descending,true,/142941h4037.54N/10420.98WO122/016EOSS Baloon/A=010923!W57!,"AE0SS-13>APTT4,EOSS,qAO,N6BA-10:/142941h4037.54N/10420.98WO122/016EOSS Baloon/A=010923!W57!",122.0,18.0,29.0,40.625750000000004,-104.34978333333333,2.41,3.88,,,,,,,,0.00008889,-0.00004111,-3.3,-1.006,n/a,0.003978,-1.369924,-0.028608,2.017229,0.029007,-0.956796,1.123384,-3.715523,0.001209,-0.417569,-0.008721,0.614856,0.008844,-0.957022,1.122795,-1.132538,""
EOSS-300,KC0D-1,2020-07-11T08:29:46.822,2020-07-11T14:29:45.000,11015.0,3357.37,-206.0,90.0,descending,true,/142945h4037.53N/10420.96WO122/017!W45!/A=011015 395T6910P EOSS BALLOON,"KC0D-1>APZEOS,EOSS,qAR,W0ARP:/142945h4037.53N/10420.96WO122/017!W45!/A=011015 395T6910P EOSS BALLOON",122.0,20.0,32.2,40.62556666666667,-104.34941666666667,2.43,3.91,103.1,39.5,312.65,69100.0,0.68,0.00149395,0.76994918,0.00008833,-0.00004111,-3.43333333,-1.04666667,n/a,-0.004444,-1.62785,-0.025156,2.00502,0.02801,-0.900481,0.73945,-2.901682,-0.001356,-0.496206,-0.007669,0.611156,0.008539,-0.900688,0.739314,-0.88451,""
EOSS-300,AE0SS-13,2020-07-11T08:30:12.547,2020-07-11T14:30:11.000,10792.0,3289.4,-262.0,116.0,descending,true,/143011h4037.47N/10420.83WO122/016EOSS Baloon/A=010792!W20!,"AE0SS-13>APTT4,EOSS,qAO,N6BA-10:/143011h4037.47N/10420.83WO122/016EOSS Baloon/A=010792!W20!",122.0,18.0,29.0,40.62453333333333,-104.34716666666667,2.57,4.14,,,,,,,,0.00008722,-0.00004056,-4.36666667,-1.331,n/a,-0.031111,-1.932163,-0.0259,2.085917,0.026018,-1.167114,-0.200284,-4.607338,-0.009478,-0.588961,-0.007895,0.635809,0.007932,-1.167078,-0.199571,-1.404327,""
EOSS-300,KC0D-1,2020-07-11T08:30:16.849,2020-07-11T14:30:15.000,10879.0,3315.92,-272.0,120.0,descending,true,/143015h4037.46N/10420.80WO119/016!W28!/A=010879 394T6944P EOSS BALLOON,"KC0D-1>APZEOS,EOSS,qAR,W0ARP:/143015h4037.46N/10420.80WO119/016!W28!/A=010879 394T6944P EOSS BALLOON",119.0,18.0,29.0,40.62436666666667,-104.3468,2.59,4.17,102.92,39.4,312.55,69440.0,0.69,0.00150178,0.7739852,0.00008722,-0.00004,-4.53333333,-1.38166667,n/a,-0.005556,-2.19228,-0.02364,2.131715,0.025264,-1.098202,0.715801,-4.039655,-0.001689,-0.668232,-0.007205,0.64975,0.007703,-1.098014,0.716085,-1.231312,""
EOSS-300,KC0D-3,2020-07-11T08:30:19.158,2020-07-11T14:30:15.000,10820.0,3297.94,-241.0,120.0,descending,true,/143015h4037.46N/10420.80WO119/016/A=010820 145T6928P EOSS QUAL PAYLOAD,"KC0D-3>APZEOS,EOSS,qAO,N2XGL-12:/143015h4037.46N/10420.80WO119/016/A=010820 145T6928P EOSS QUAL PAYLOAD",119.0,18.0,29.0,40.62433333333333,-104.34666666666666,2.6,4.18,58.1,14.5,287.65,69280.0,0.68,0.00162802,0.83904634,0.00008889,-0.00003889,-4.01666667,-1.22416667,n/a,0.008611,-2.358134,-0.020415,2.095798,0.025911,-0.791361,1.120219,-4.434036,0.002625,-0.718771,-0.006222,0.638791,0.007899,-0.791175,1.120015,-1.351479,""
EOSS-300,KC0D-1,2020-07-11T08:30:46.916,2020-07-11T14:30:45.000,10703.0,3262.27,-352.0,150.0,descending,true,/143045h4037.39N/10420.66WO119/015!W51!/A=010703 396T6988P EOSS BALLOON,"KC0D-1>APZEOS,EOSS,qAR,W0ARP:/143045h4037.39N/10420.66WO119/015!W51!/A=010703 396T6988P EOSS BALLOON",119.0,17.0,27.4,40.623250000000006,-104.34435,2.74,4.41,103.28,39.6,312.75,69880.0,0.69,0.00151033,0.7783914,0.00008167,-0.00003722,-5.86666667,-1.78833333,n/a,-0.061667,-2.650511,-0.024165,2.240285,0.027549,-1.435601,-1.361284,-5.100315,-0.018806,-0.807901,-0.007366,0.682853,0.0084,-1.435788,-1.361905,-1.55457,""
EOSS-300,AE0SS-13,2020-07-11T08:31:12.482,2020-07-11T14:31:11.000,10438.0,3181.5,-354.0,176.0,descending,true,/143111h4037.34N/10420.53WO122/014EOSS Baloon/A=010438!W39!,"AE0SS-13>APTT4,EOSS,qAO,KB0TVJ-1:/143111h4037.34N/10420.53WO122/014EOSS Baloon/A=010438!W39!",122.0,16.0,25.7,40.62238333333333,-104.34231666666668,2.86,4.6,,,,,,,,0.00008083,-0.00003583,-5.9,-1.79833333,n/a,-0.000556,-2.900472,-0.022197,2.32656,0.027137,-1.289255,0.797472,-6.042201,-0.000167,-0.884088,-0.006766,0.709147,0.008274,-1.289218,0.797559,-1.841623,""
EOSS-300,KC0D-1,2020-07-11T08:31:16.815,2020-07-11T14:31:15.000,10524.0,3207.72,-358.0,180.0,descending,true,/143115h4037.33N/10420.51WO119/015!W47!/A=010524 395T7034P EOSS BALLOON,"KC0D-1>APZEOS,EOSS,qAR,W0ARP:/143115h4037.33N/10420.51WO119/015!W47!/A=010524 395T7034P EOSS BALLOON",119.0,17.0,27.4,40.622233333333334,-104.34195,2.88,4.63,103.1,39.5,312.65,70340.0,0.69,0.00152076,0.78376593,0.00008,-0.00003389,-5.96666667,-1.81833333,n/a,-0.002222,-3.119486,-0.020661,2.380766,0.026566,-1.195909,0.694083,-5.814394,-0.000667,-0.95082,-0.006297,0.725637,0.0081,-1.19552,0.695062,-1.772161,""
EOSS-300,AE0SS-13,2020-07-11T08:31:42.461,2020-07-11T14:31:41.000,10267.0,3129.38,-342.0,206.0,descending,true,/143141h4037.27N/10420.39WO118/014EOSS Baloon/A=010267!W85!,"AE0SS-13>APTT4,EOSS,qAO,W0ARP-1:/143141h4037.27N/10420.39WO118/014EOSS Baloon/A=010267!W85!",118.0,16.0,25.7,40.6213,-104.33991666666667,3.01,4.84,,,,,,,,0.00008,-0.00003611,-5.7,-1.73733333,n/a,0.008889,-3.29152,-0.01855,2.388959,0.026717,-1.008171,1.027024,-6.395712,0.0027,-1.003254,-0.005655,0.728134,0.008146,-1.008165,1.025657,-1.949403,""
EOSS-300,KC0D-1,2020-07-11T08:31:46.799,2020-07-11T14:31:45.000,10352.0,3155.29,-344.0,210.0,descending,true,/143145h4037.26N/10420.37WO124/015!W97!/A=010352 396T7078P EOSS BALLOON,"KC0D-1>APZEOS,EOSS,qAR,W0ARP:/143145h4037.26N/10420.37WO124/015!W97!/A=010352 396T7078P EOSS BALLOON",124.0,17.0,27.4,40.62115,-104.33961666666667,3.02,4.86,103.28,39.6,312.75,70780.0,0.7,0.00152978,0.78841647,0.00007778,-0.00003611,-5.73333333,-1.74766667,n/a,-0.001111,-3.444134,-0.017388,2.387321,0.026136,-0.958899,0.622781,-6.226367,-0.000344,-1.04978,-0.005301,0.727645,0.007968,-0.959103,0.622113,-1.897764,""
EOSS-300,AE0SS-13,2020-07-11T08:32:12.440,2020-07-11T14:32:11.000,10054.0,3064.46,-426.0,236.0,descending,true,/143211h4037.20N/10420.24WO113/017EOSS Baloon/A=010054!W63!,"AE0SS-13>APTT4,EOSS,qAR,W0ARP:/143211h4037.20N/10420.24WO113/017EOSS Baloon/A=010054!W63!",113.0,20.0,32.2,40.6201,-104.33738333333334,3.16,5.09,,,,,,,,0.00008444,-0.00004,-7.1,-2.164,n/a,-0.045556,-3.659184,-0.019148,2.475741,0.026214,-1.389813,-1.007401,-6.933486,-0.013878,-1.115322,-0.005837,0.754589,0.007991,-1.389734,-1.006257,-2.113353,""
EOSS-300,KC0D-1,2020-07-11T08:32:16.813,2020-07-11T14:32:15.000,10133.0,3088.54,-438.0,240.0,descending,true,/143215h4037.19N/10420.22WO118/017!W52!/A=010133 395T7134P EOSS BALLOON,"KC0D-1>APZEOS,EOSS,qAO,W0ARP-1:/143215h4037.19N/10420.22WO118/017!W52!/A=010133 395T7134P EOSS BALLOON",118.0,20.0,32.2,40.61991666666667,-104.33703333333334,3.18,5.12,103.1,39.5,312.65,71340.0,0.7,0.00154238,0.79490846,0.00008611,-0.00004111,-7.3,-2.225,n/a,-0.006667,-3.861452,-0.018414,2.550522,0.025561,-1.348174,0.459567,-6.703261,-0.002033,-1.176971,-0.005613,0.777381,0.007792,-1.348154,0.459446,-2.043165,""
EOSS-300,AE0SS-13,2020-07-11T08:32:42.436,2020-07-11T14:32:41.000,9801.0,2987.34,-506.0,266.0,descending,true,/143241h4037.14N/10420.07WO107/014EOSS Baloon/A=009801!W38!,"AE0SS-13>APTT4,EOSS,qAO,W0ARP-1:/143241h4037.14N/10420.07WO107/014EOSS Baloon/A=009801!W38!",107.0,16.0,25.7,40.61905,-104.33463333333334,3.32,5.34,,,,,,,,0.00009167,-0.000035,-8.43333333,-2.57066667,n/a,-0.037778,-4.102077,-0.01949,2.691445,0.025214,-1.609268,-0.725311,-7.940335,-0.011522,-1.250324,-0.005941,0.820352,0.007687,-1.609483,-0.726031,-2.420281,""
EOSS-300,KC0D-1,2020-07-11T08:32:46.837,2020-07-11T14:32:45.000,9887.0,3013.56,-492.0,270.0,descending,true,/143245h4037.13N/10420.05WO109/016!W64!/A=009887 396T7198P EOSS BALLOON,"KC0D-1>APZEOS,EOSS,qAO,W0ARP-1:/143245h4037.13N/10420.05WO109/016!W64!/A=009887 396T7198P EOSS BALLOON",109.0,18.0,29.0,40.61893333333334,-104.33423333333333,3.34,5.38,103.28,39.6,312.75,71980.0,0.71,0.00155572,0.80178324,0.00009333,-0.00003278,-8.2,-2.49933333,n/a,0.007778,-4.306973,-0.018055,2.775296,0.02529,-1.402743,1.021471,-7.560188,0.002378,-1.312774,-0.005503,0.845907,0.00771,-1.402707,1.022179,-2.304379,""
EOSS-300,KC0D-1,2020-07-11T08:33:16.839,2020-07-11T14:33:15.000,9613.0,2930.04,-548.0,300.0,descending,true,/143315h4037.10N/10419.91WO099/011!W34!/A=009613 394T7270P EOSS BALLOON,"KC0D-1>APZEOS,EOSS,qAR,W0ARP:/143315h4037.10N/10419.91WO099/011!W34!/A=009613 394T7270P EOSS BALLOON",99.0,13.0,20.9,40.618383333333334,-104.3319,3.46,5.57,102.92,39.4,312.55,72700.0,0.72,0.00157228,0.81032149,0.00007778,-0.00001833,-9.13333333,-2.784,n/a,-0.031111,-4.5368,-0.018707,2.902823,0.024788,-1.58347,-0.500403,-8.796152,-0.009489,-1.382832,-0.005703,0.88479,0.007557,-1.583616,-0.500992,-2.681115,""
EOSS-300,KC0D-3,2020-07-11T08:33:19.180,2020-07-11T14:33:15.000,9569.0,2916.63,-417.0,300.0,descending,true,/143315h4037.10N/10419.91WO102/011/A=009569 158T7254P EOSS QUAL PAYLOAD,"KC0D-3>APZEOS,EOSS,qAO,N2XGL-12:/143315h4037.10N/10419.91WO102/011/A=009569 158T7254P EOSS QUAL PAYLOAD",102.0,13.0,20.9,40.61833333333333,-104.33183333333334,3.46,5.57,60.44,15.8,288.95,72540.0,0.72,0.00169696,0.87457549,0.00008241,-0.00003333,-6.95,-2.11838889,n/a,0.01213,-4.646491,-0.017239,2.879207,0.02508,-0.80005,1.171013,-8.983035,0.003698,-1.416267,-0.005255,0.877592,0.007646,-0.800055,1.170939,-2.738069,""
EOSS-300,AE0SS-13,2020-07-11T08:33:42.514,2020-07-11T14:33:41.000,9230.0,2813.3,-571.0,326.0,descending,true,/143341h4037.08N/10419.81WO102/009EOSS Baloon/A=009230!W35!,"AE0SS-13>APTT4,EOSS,qAO,W9CN-9:/143341h4037.08N/10419.81WO102/009EOSS Baloon/A=009230!W35!",102.0,10.0,16.1,40.618050000000004,-104.33025,3.54,5.7,,,,,,,,0.00007306,-0.00001667,-9.51666667,-2.90066667,n/a,-0.042778,-4.858238,-0.0184,2.990696,0.025074,-1.55764,-0.972242,-9.97189,-0.013038,-1.480806,-0.005609,0.911571,0.007644,-1.557597,-0.971873,-3.03946,""
EOSS-300,KC0D-1,2020-07-11T08:33:46.839,2020-07-11T14:33:45.000,9298.0,2834.03,-630.0,330.0,descending,true,/143345h4037.07N/10419.80WO098/009!W93!/A=009298 395T7353P EOSS BALLOON,"KC0D-1>APZEOS,EOSS,qAR,W0ARP:/143345h4037.07N/10419.80WO098/009!W93!/A=009298 395T7353P EOSS BALLOON",98.0,10.0,16.1,40.61798333333333,-104.33005,3.55,5.71,103.1,39.5,312.65,73530.0,0.73,0.00158973,0.81931062,0.00006167,-0.00001333,-10.5,-3.20033333,n/a,-0.032778,-5.093311,-0.019025,3.143503,0.02468,-1.719957,-0.557253,-9.845289,-0.009989,-1.552453,-0.005799,0.95814,0.007524,-1.719874,-0.556885,-3.000868,""
EOSS-300,KC0D-1,2020-07-11T08:34:16.797,2020-07-11T14:34:15.000,8961.0,2731.31,-674.0,360.0,descending,true,/143415h4037.07N/10419.70WO098/011!W34!/A=008961 393T7443P EOSS BALLOON,"KC0D-1>APZEOS,EOSS,qAR,W0ARP:/143415h4037.07N/10419.70WO098/011!W34!/A=008961 393T7443P EOSS BALLOON",98.0,13.0,20.9,40.61788333333333,-104.3284,3.63,5.84,102.74,39.3,312.45,74430.0,0.73,0.00161021,0.82986976,0.000055,-3.33e-6,-11.23333333,-3.424,n/a,-0.024444,-5.338912,-0.019251,3.313287,0.024163,-1.779025,-0.214915,-10.232898,-0.007456,-1.627315,-0.005868,1.009895,0.007366,-1.779081,-0.215585,-3.118999,""
EOSS-300,AE0SS-13,2020-07-11T08:34:42.490,2020-07-11T14:34:41.000,8580.0,2615.18,-650.0,386.0,descending,true,/143441h4037.05N/10419.61WO118/008EOSS Baloon/A=008580!W60!,"AE0SS-13>APTT4,EOSS,qAO,N6BA-10:/143441h4037.05N/10419.61WO118/008EOSS Baloon/A=008580!W60!",118.0,9.0,14.5,40.6176,-104.32683333333334,3.71,5.97,,,,,,,,0.00005694,-7.5e-6,-10.83333333,-3.302,n/a,0.006667,-5.550236,-0.018214,3.420506,0.024216,-1.544537,1.027461,-10.739895,0.002033,-1.691726,-0.005552,1.042574,0.007382,-1.544518,1.027499,-3.273488,""
EOSS-300,KC0D-1,2020-07-11T08:34:46.846,2020-07-11T14:34:45.000,8656.0,2638.35,-610.0,390.0,descending,true,/143445h4037.04N/10419.59WO118/010!W96!/A=008656 394T7524P EOSS BALLOON,"KC0D-1>APZEOS,EOSS,qAR,W0ARP:/143445h4037.04N/10419.59WO118/010!W96!/A=008656 394T7524P EOSS BALLOON",118.0,12.0,19.3,40.61748333333333,-104.3266,3.72,5.99,102.92,39.4,312.55,75240.0,0.74,0.00162722,0.83863258,0.00006,-0.00001333,-10.16666667,-3.09866667,n/a,0.022222,-5.721215,-0.016659,3.469752,0.025016,-1.281202,1.554245,-10.574845,0.006778,-1.743835,-0.005078,1.057577,0.007627,-1.281071,1.554478,-3.223181,""
EOSS-300,AE0SS-13,2020-07-11T08:35:12.479,2020-07-11T14:35:11.000,8229.0,2508.2,-702.0,416.0,descending,true,/143511h4037.03N/10419.51WO084/005EOSS Baloon/A=008229!W69!,"AE0SS-13>APTT4,EOSS,qAO,N6BA-10:/143511h4037.03N/10419.51WO084/005EOSS Baloon/A=008229!W69!",84.0,6.0,9.7,40.61726666666667,-104.32531666666667,3.78,6.08,,,,,,,,0.00005056,-0.00001111,-11.7,-3.566,n/a,-0.051111,-5.934743,-0.017935,3.587467,0.025411,-1.607055,-1.305576,-11.911093,-0.015578,-1.808912,-0.005467,1.093447,0.007747,-1.606926,-1.30515,-3.630412,""
EOSS-300,KC0D-1,2020-07-11T08:35:16.792,2020-07-11T14:35:15.000,8298.0,2529.23,-716.0,420.0,descending,true,/143515h4037.03N/10419.51WO119/008!W11!/A=008298 392T7621P EOSS BALLOON,"KC0D-1>APZEOS,EOSS,qAO,W0ARP-1:/143515h4037.03N/10419.51WO119/008!W11!/A=008298 392T7621P EOSS BALLOON",119.0,9.0,14.5,40.61718333333334,-104.32518333333333,3.79,6.1,102.56,39.2,312.35,76210.0,0.75,0.00164925,0.84998821,0.00004722,-0.00001,-11.93333333,-3.63733333,n/a,-0.007778,-6.141591,-0.017572,3.694736,0.02501,-1.567566,0.391603,-11.649357,-0.002378,-1.871961,-0.005356,1.126146,0.007624,-1.567623,0.390609,-3.550643,""
EOSS-300,KC0D-3,2020-07-11T08:35:19.304,2020-07-11T14:35:15.000,8240.0,2511.55,-664.5,420.0,descending,true,/143515h4037.03N/10419.51WO120/006/A=008240 189T7608P EOSS QUAL PAYLOAD,"KC0D-3>APZEOS,EOSS,qAO,N2XGL-12:/143515h4037.03N/10419.51WO120/006/A=008240 189T7608P EOSS QUAL PAYLOAD",120.0,7.0,11.3,40.61716666666667,-104.32516666666666,3.79,6.1,66.02,18.9,292.05,76080.0,0.75,0.00176088,0.90751903,0.00005556,-9.72e-6,-11.075,-3.37566667,n/a,0.007153,-6.306038,-0.016719,3.740539,0.024984,-1.27494,0.955492,-11.869331,0.002181,-1.922085,-0.005097,1.140107,0.007617,-1.274952,0.955494,-3.617694,""
EOSS-300,KC0D-1,2020-07-11T08:35:46.822,2020-07-11T14:35:45.000,7897.0,2407.01,-802.0,450.0,descending,true,/143545h4037.00N/10419.42WO110/009!W12!/A=007897 393T7731P EOSS BALLOON,"KC0D-1>APZEOS,EOSS,qAR,W0ARP:/143545h4037.00N/10419.42WO110/009!W12!/A=007897 393T7731P EOSS BALLOON",110.0,10.0,16.1,40.616683333333334,-104.3237,3.88,6.24,102.74,39.3,312.45,77310.0,0.76,0.00167252,0.8619808,0.00004944,-0.00001667,-13.36666667,-4.074,n/a,-0.076389,-6.5338,-0.018708,3.890166,0.026859,-1.756446,-2.147548,-12.931711,-0.023278,-1.991501,-0.005703,1.185704,0.008187,-1.75634,-2.146696,-3.941526,""
EOSS-300,KC0D-3,2020-07-11T08:35:47.795,2020-07-11T14:35:45.000,7841.0,2389.94,-798.0,450.0,descending,true,/143545h4037.00N/10419.42WO115/008/A=007841 197T7717P EOSS QUAL PAYLOAD,"KC0D-3>APZEOS,EOSS,qAO,N2XGL-12:/143545h4037.00N/10419.42WO115/008/A=007841 197T7717P EOSS QUAL PAYLOAD",115.0,9.0,14.5,40.61666666666667,-104.32366666666667,3.88,6.24,67.46,19.7,292.85,77170.0,0.76,0.00178123,0.91800642,0.00005,-0.00001667,-13.3,-4.05366667,n/a,0.002222,-6.745244,-0.018033,4.009475,0.026673,-1.634817,0.759382,-13.017379,0.000678,-2.055944,-0.005497,1.222062,0.008131,-1.634715,0.759439,-3.967655,""
EOSS-300,AE0SS-13,2020-07-11T08:36:12.413,2020-07-11T14:36:11.000,7455.0,2272.28,-774.0,476.0,descending,true,/143611h4036.99N/10419.34WO095/008EOSS Baloon/A=007455!W47!,"AE0SS-13>APTT4,EOSS,qAR,W0ARP:/143611h4036.99N/10419.34WO095/008EOSS Baloon/A=007455!W47!",95.0,9.0,14.5,40.61656666666667,-104.32245,3.93,6.32,,,,,,,,0.00004778,-0.00001167,-12.9,-3.932,n/a,0.006667,-6.931752,-0.017261,4.089184,0.0266,-1.459521,0.899549,-12.709776,0.002028,-2.112794,-0.005262,1.246362,0.008109,-1.459613,0.899001,-3.873968,""
EOSS-300,KC0D-1,2020-07-11T08:36:16.929,2020-07-11T14:36:15.000,7519.0,2291.79,-756.0,480.0,descending,true,/143615h4036.99N/10419.33WO093/008!W15!/A=007519 391T7835P EOSS BALLOON,"KC0D-1>APZEOS,EOSS,qAR,W0ARP:/143615h4036.99N/10419.33WO093/008!W15!/A=007519 391T7835P EOSS BALLOON",93.0,9.0,14.5,40.61651666666667,-104.32225,3.94,6.34,102.38,39.1,312.25,78350.0,0.77,0.0016961,0.87413599,0.00004833,-5.56e-6,-12.6,-3.84066667,n/a,0.01,-7.098465,-0.016435,4.142425,0.026608,-1.328095,0.993498,-12.855233,0.003044,-2.163614,-0.00501,1.262599,0.008111,-1.328254,0.992973,-3.918305,""
EOSS-300,KC0D-3,2020-07-11T08:36:19.233,2020-07-11T14:36:15.000,7460.0,2273.81,-762.0,480.0,descending,true,/143615h4036.99N/10419.33WO099/007/A=007460 209T7821P EOSS QUAL PAYLOAD,"KC0D-3>APZEOS,EOSS,qAO,N2XGL-12:/143615h4036.99N/10419.33WO099/007/A=007460 209T7821P EOSS QUAL PAYLOAD",99.0,8.0,12.9,40.6165,-104.32216666666666,3.95,6.36,69.62,20.9,294.05,78210.0,0.77,0.00179786,0.92658134,0.00005,-5.56e-6,-12.7,-3.871,n/a,-0.003333,-7.258509,-0.01605,4.189449,0.026298,-1.298856,0.483573,-12.722063,-0.001011,-2.212396,-0.004892,1.276934,0.008016,-1.298896,0.484157,-3.877728,""
EOSS-300,AE0SS-13,2020-07-11T08:36:42.619,2020-07-11T14:36:41.000,7101.0,2164.38,-708.0,506.0,descending,true,/143641h4036.98N/10419.27WO138/003EOSS Baloon/A=007101!W33!,"AE0SS-13>APTT4,EOSS,qAR,KD8YQL-10:/143641h4036.98N/10419.27WO138/003EOSS Baloon/A=007101!W33!",138.0,3.0,4.8,40.61638333333333,-104.32121666666667,3.99,6.42,,,,,,,,0.00004111,-6.11e-6,-11.8,-3.59666667,n/a,0.03,-7.384661,-0.014734,4.197968,0.027052,-1.05178,1.65363,-11.738498,0.009144,-2.250848,-0.004491,1.279531,0.008246,-1.051806,1.653529,-3.577864,""
EOSS-300,KC0D-1,2020-07-11T08:36:47.175,2020-07-11T14:36:45.000,7162.0,2182.98,-714.0,510.0,descending,true,/143645h4036.98N/10419.26WO108/007!W03!/A=007162 392T7935P EOSS BALLOON,"KC0D-1>APZEOS,EOSS,qAR,W0ARP:/143645h4036.98N/10419.26WO108/007!W03!/A=007162 392T7935P EOSS BALLOON",108.0,8.0,12.9,40.61633333333333,-104.32105,4.0,6.44,102.56,39.2,312.35,79350.0,0.78,0.0017172,0.88500937,0.00004,-6.11e-6,-11.9,-3.627,n/a,-0.003333,-7.506697,-0.014418,4.205287,0.026731,-1.044709,0.414687,-11.890712,-0.001011,-2.288042,-0.004395,1.281759,0.008148,-1.044625,0.415317,-3.624295,""
EOSS-300,AE0SS-13,2020-07-11T08:37:12.400,2020-07-11T14:37:11.000,6766.0,2062.28,-670.0,536.0,descending,true,/143711h4036.97N/10419.22WO133/004EOSS Baloon/A=006766!W03!,"AE0SS-13>APTT4,EOSS,qAO,KB0TVJ-1:/143711h4036.97N/10419.22WO133/004EOSS Baloon/A=006766!W03!",133.0,5.0,8.0,40.616166666666665,-104.32038333333334,4.04,6.5,,,,,,,,0.00002778,-7.22e-6,-11.16666667,-3.40333333,n/a,0.024444,-7.603012,-0.013367,4.190345,0.02712,-0.850444,1.394211,-11.331088,0.007456,-2.317391,-0.004074,1.277199,0.008267,-0.850253,1.394702,-3.453596,""
EOSS-300,KC0D-1,2020-07-11T08:37:16.850,2020-07-11T14:37:15.000,6835.0,2083.31,-654.0,540.0,descending,true,/143715h4036.96N/10419.22WO120/004!W71!/A=006835 390T8027P EOSS BALLOON,"KC0D-1>APZEOS,EOSS,qAR,W0ARP:/143715h4036.96N/10419.22WO120/004!W71!/A=006835 390T8027P EOSS BALLOON",120.0,5.0,8.0,40.61611666666666,-104.32035,4.04,6.5,102.2,39.0,312.15,80270.0,0.79,0.00173822,0.89584397,0.00002333,-7.22e-6,-10.9,-3.32233333,n/a,0.008889,-7.687551,-0.012782,4.168409,0.026994,-0.770665,0.802808,-11.35207,0.0027,-2.343159,-0.003896,1.270513,0.008228,-0.770692,0.801653,-3.460004,""
EOSS-300,AE0SS-13,2020-07-11T08:37:42.750,2020-07-11T14:37:41.000,6418.0,1956.21,-696.0,566.0,descending,true,/143741h4036.94N/10419.18WO193/004EOSS Baloon/A=006418!W61!,"AE0SS-13>APTT4,EOSS,qAO,N2XGL-12:/143741h4036.94N/10419.18WO193/004EOSS Baloon/A=006418!W61!",193.0,5.0,8.0,40.61576666666667,-104.31968333333333,4.09,6.58,,,,,,,,0.00002333,-0.00001333,-11.6,-3.53566667,n/a,-0.023333,-7.785362,-0.013052,4.160864,0.02669,-0.91679,-0.3852,-11.47717,-0.007111,-2.372972,-0.003979,1.268214,0.008136,-0.916797,-0.384956,-3.49822,""
EOSS-300,KC0D-1,2020-07-11T08:37:46.760,2020-07-11T14:37:45.000,6470.0,1972.06,-730.0,570.0,descending,true,/143745h4036.94N/10419.17WO176/005!W09!/A=006470 391T8130P EOSS BALLOON,"KC0D-1>APZEOS,EOSS,qAR,W0ARP:/143745h4036.94N/10419.17WO176/005!W09!/A=006470 391T8130P EOSS BALLOON",176.0,6.0,9.7,40.61566666666667,-104.31965000000001,4.09,6.58,102.38,39.1,312.25,81300.0,0.8,0.00175996,0.90704858,0.00002333,-0.000015,-12.16666667,-3.70833333,n/a,-0.018889,-7.892223,-0.013198,4.165112,0.026361,-1.026249,-0.215887,-11.448094,-0.005756,-2.405542,-0.004023,1.269508,0.008036,-1.026218,-0.215655,-3.489325,""
EOSS-300,AE0SS-13,2020-07-11T08:38:12.738,2020-07-11T14:38:11.000,6067.0,1849.22,-702.0,596.0,descending,true,/143811h4036.84N/10419.22WO195/018EOSS Baloon/A=006067!W84!,"AE0SS-13>APTT4,EOSS,qAO,N2XGL-12:/143811h4036.84N/10419.22WO195/018EOSS Baloon/A=006067!W84!",195.0,21.0,33.8,40.61413333333333,-104.3204,4.12,6.63,,,,,,,,-0.00002389,-0.00005444,-11.7,-3.56633333,n/a,0.015556,-7.982884,-0.012497,4.155749,0.026414,-0.894452,1.06205,-11.72796,0.004733,-2.433179,-0.003809,1.266658,0.008052,-0.894602,1.060854,-3.574867,""
EOSS-300,KC0D-1,2020-07-11T08:38:17.008,2020-07-11T14:38:15.000,6136.0,1870.25,-668.0,600.0,descending,true,/143815h4036.82N/10419.23WO200/017!W71!/A=006136 390T8228P EOSS BALLOON,"KC0D-1>APZEOS,EOSS,qAO,W9CN-9:/143815h4036.82N/10419.23WO200/017!W71!/A=006136 390T8228P EOSS BALLOON",200.0,20.0,32.2,40.61378333333333,-104.32051666666666,4.13,6.65,102.2,39.0,312.15,82280.0,0.81,0.00178175,0.91827634,-0.00002889,-0.00006278,-11.13333333,-3.39366667,n/a,0.018889,-8.05615,-0.011749,4.13399,0.026536,-0.744362,1.154582,-11.640759,0.005756,-2.455516,-0.003582,1.26003,0.008089,-0.744546,1.154407,-3.548271,""
EOSS-300,KC0D-1,2020-07-11T08:38:47.138,2020-07-11T14:38:45.000,5737.0,1748.64,-798.0,630.0,descending,true,/143845h4036.68N/10419.28WO193/017!W39!/A=005737 391T8345P EOSS BALLOON,"KC0D-1>APZEOS,EOSS,qAO,N2XGL-12:/143845h4036.68N/10419.28WO193/017!W39!/A=005737 391T8345P EOSS BALLOON",193.0,20.0,32.2,40.611383333333336,-104.32148333333333,4.19,6.74,102.38,39.1,312.25,83450.0,0.82,0.00180651,0.93103572,-0.00003222,-0.00008,-13.3,-4.05366667,n/a,-0.072222,-8.175329,-0.013156,4.161417,0.027793,-1.231473,-2.125211,-13.133152,-0.022,-2.491838,-0.00401,1.268385,0.008471,-1.231352,-2.123716,-4.002843,""
EOSS-300,AE0SS-13,2020-07-11T08:39:12.640,2020-07-11T14:39:11.000,5240.0,1597.15,-827.0,656.0,descending,true,/143911h4036.56N/10419.36WO203/022EOSS Baloon/A=005240!W73!,"AE0SS-13>APTT4,EOSS,qAR,KD8YQL-10:/143911h4036.56N/10419.36WO203/022EOSS Baloon/A=005240!W73!",203.0,25.0,40.2,40.609449999999995,-104.32271666666666,4.22,6.79,,,,,,,,-0.00003861,-0.00007806,-13.78333333,-4.20116667,n/a,-0.008056,-8.299951,-0.01304,4.19794,0.027478,-1.306208,0.181381,-13.746153,-0.002458,-2.529823,-0.003975,1.279518,0.008375,-1.306229,0.181134,-4.189886,""
EOSS-300,KC0D-1,2020-07-11T08:39:17.122,2020-07-11T14:39:15.000,5299.0,1615.14,-876.0,660.0,descending,true,/143915h4036.53N/10419.37WO193/023!W87!/A=005299 391T8477P EOSS BALLOON,"KC0D-1>APZEOS,EOSS,qAO,N2XGL-12:/143915h4036.53N/10419.37WO193/023!W87!/A=005299 391T8477P EOSS BALLOON",193.0,26.0,41.8,40.60896666666667,-104.32295,4.23,6.81,102.38,39.1,312.25,84770.0,0.84,0.00183508,0.94576271,-0.00004889,-0.00008056,-14.6,-4.45,n/a,-0.027222,-8.436909,-0.013355,4.253695,0.027246,-1.448879,-0.508955,-14.668212,-0.008294,-2.571566,-0.004071,1.29651,0.008304,-1.448839,-0.50855,-4.470727,""
EOSS-300,AE0SS-13,2020-07-11T08:43:42.828,2020-07-11T14:43:41.000,4866.0,1483.16,-83.1,926.0,descending,true,/144341h4036.39N/10419.42WO204/000EOSS Baloon/A=004866!W11!,"AE0SS-13>APTT4,EOSS,qAR,KD8YQL-10:/144341h4036.39N/10419.42WO204/000EOSS Baloon/A=004866!W11!",204.0,0.0,0.0,40.606516666666664,-104.32368333333334,4.32,6.95,,,,,,,,-3.58e-6,-0.00001086,-1.38518519,-0.42218519,n/a,0.048944,-8.286872,-0.012001,4.331119,0.028465,1.593511,2.14105,-1.384246,0.014918,-2.525835,-0.003658,1.32011,0.008676,1.593541,2.141079,-0.421898,""
