balloonsize,beacons,day,detected_burst.burst_ft,detected_burst.burst_m,detected_burst.detected,flight,flighttime,flighttime_secs,h2fill,landing_location.altitude_ft,landing_location.altitude_m,landing_location.distance_from_launch_km,landing_location.distance_from_launch_mi,landing_location.latitude,landing_location.longitude,launch_location.altitude_ft,launch_location.altitude_m,launch_location.latitude,launch_location.longitude,liftfactor,maxaltitude_ft,maxaltitude_m,numpoints,parachute.description,parachute.size_ft,parachute.size_m,parachute.weight_kg,parachute.weight_lb,range_distance_traveled_km,range_distance_traveled_mi,reynolds_transitions,weights.balloon_kg,weights.balloon_lb,weights.client_kg,weights.client_lb,weights.eoss_kg,weights.eoss_lb,weights.gross_kg,weights.gross_lb,weights.necklift_kg,weights.necklift_lb,weights.neckload_kg,weights.neckload_lb,weights.parachute_kg,weights.parachute_lb
3000gm,"[""KC0D-1"",""AE0SS-12""]",2019-07-13,102985.0,31389.83,true,EOSS-291,2hrs 8mins 15secs,7695.0,370,5303.0,1616.35,13.39,8.32,39.23833333333334,-103.64215,5593.0,1704.75,39.27818333333333,-103.49525,1.17,102867.0,31353.86,500,Rocketman,12.0,3.66,0.52,1.15,13.39,8.32,"[{""altitude_ft"":13128.0,""altitude_m"":4001.41,""transition"":""low_to_high""},{""altitude_ft"":59923.0,""altitude_m"":18264.53,""transition"":""high_to_low""}]",3.0,6.61,5.4,11.9,1.68,3.71,10.6,23.38,9.41,20.74,7.61,16.77,0.52,1.15
3000gm,"[""KC0D-15"",""AE0SS-12"",""AE0SS-13""]",2019-07-27,107200.0,32674.56,true,EOSS-292,2hrs 28mins 30secs,8910.0,322,6412.0,1954.38,30.71,19.08,39.0775,-103.98883333333332,5401.0,1646.22,39.23616666666667,-103.697,1.15,107050.0,32628.84,784,Rocketman,12.0,3.66,0.52,1.15,30.71,19.08,"[{""altitude_ft"":50074.0,""altitude_m"":15262.56,""transition"":""high_to_low""}]",3.0,6.61,3.75,8.27,2.14,4.71,9.4,20.73,7.82,17.23,6.4,14.12,0.52,1.15
1500gm,"[""KC0D-1"",""AE0SS-13""]",2019-10-12,92859.0,28303.42,true,EOSS-293,2hrs 10mins 30secs,7830.0,273,4184.0,1275.28,140.62,87.38,39.432966666666665,-102.41771666666666,5217.0,1590.14,39.61046666666667,-104.04215,1.25,92625.0,28232.1,487,Rocketman,12.0,3.66,0.78,1.72,140.62,87.38,"[{""altitude_ft"":41295.0,""altitude_m"":12586.72,""transition"":""high_to_low""}]",1.5,3.31,3.18,7.02,1.86,4.09,7.32,16.14,7.65,16.87,5.82,12.83,0.78,1.72
3000gm,"[""KC0D-2"",""AE0SS-12""]",2019-11-02,0.0,0.0,false,EOSS-294,1hrs 48mins 15secs,6495.0,431,4109.0,1252.42,151.68,94.25,39.624,-102.47883333333333,4561.0,1390.19,40.22485,-104.0772,1.15,88956.0,27113.79,365,Rocketman,12.0,3.66,0.52,1.15,151.68,94.25,"[{""altitude_ft"":14093.0,""altitude_m"":4295.55,""transition"":""low_to_high""},{""altitude_ft"":60923.0,""altitude_m"":18569.33,""transition"":""high_to_low""}]",3.0,6.61,6.99,15.42,2.06,4.54,12.57,27.71,11.46,25.26,9.57,21.1,0.52,1.15
3000gm,"[""KC0D-1"",""AE0SS-13""]",2019-11-09,0.0,0.0,false,EOSS-295,2hrs 10mins 30secs,7830.0,439,4942.0,1506.32,142.07,88.28,40.046933333333335,-103.1697,4846.0,1477.06,40.52653333333333,-104.72345,1.15,110101.0,33558.78,357,Rocketman,12.0,3.66,0.52,1.15,142.07,88.28,"[{""altitude_ft"":74746.0,""altitude_m"":22782.58,""transition"":""high_to_low""}]",3.0,6.61,7.89,17.39,1.42,3.13,12.83,28.28,11.75,25.91,9.83,21.67,0.52,1.15
3000gm,"[""KC0D-2"",""AE0SS-12""]",2019-11-09,104022.0,31705.91,true,EOSS-296,2hrs 3mins 0secs,7380.0,348,4778.0,1456.33,129.18,80.27,40.04665,-103.33516666666668,4846.0,1477.06,40.52645,-104.7234,1.15,104023.0,31706.21,474,Rocketman,12.0,3.66,0.52,1.15,129.18,80.27,"[{""altitude_ft"":10474.0,""altitude_m"":3192.48,""transition"":""low_to_high""},{""altitude_ft"":48953.0,""altitude_m"":14920.87,""transition"":""high_to_low""}]",3.0,6.61,4.56,10.06,2.09,4.6,10.17,22.42,8.7,19.17,7.17,15.8,0.52,1.15
1500gm,"[""KC0D-2"",""K0SCC-14""]",2020-03-15,0.0,0.0,false,EOSS-297,1hrs 58mins 33secs,7113.0,238,3780.0,1152.14,175.6,109.11,40.8481,-102.93868333333332,4955.0,1510.28,40.47355,-104.96261666666668,1.25,85332.0,26009.19,227,Rocketman,10.0,3.05,0.67,1.48,175.6,109.11,"[{""altitude_ft"":32694.0,""altitude_m"":9965.13,""transition"":""high_to_low""}]",1.5,3.31,3.08,6.78,1.16,2.56,6.4,14.12,6.5,14.34,4.9,10.81,0.67,1.48
1500gm,"[""KC0D-14"",""AE0SS-12""]",2020-03-15,0.0,0.0,false,EOSS-298,2hrs 16mins 30secs,8190.0,206,4361.0,1329.23,208.28,129.42,40.857933333333335,-102.54408333333332,4948.0,1508.15,40.47358333333334,-104.9628,1.25,84358.0,25712.32,452,Rocketman,9.0,2.74,0.56,1.24,208.28,129.42,"[{""altitude_ft"":37455.0,""altitude_m"":11416.28,""transition"":""high_to_low""}]",1.5,3.31,1.87,4.13,1.6,3.53,5.53,12.2,5.42,11.95,4.04,8.9,0.56,1.24
3000gm,"[""KC0D-12"",""AE0SS-12""]",2020-05-30,0.0,0.0,false,EOSS-299,1hrs 45mins 0secs,6300.0,432,5483.0,1671.22,18.73,11.64,39.46586666666667,-103.92525,5243.0,1598.07,39.60835,-104.04191666666668,1.18,93102.0,28377.49,400,Rocketman,12.0,3.66,1.09,2.4,18.73,11.64,"[{""altitude_ft"":57204.0,""altitude_m"":17435.78,""transition"":""high_to_low""}]",3.0,6.61,6.96,15.34,1.25,2.76,12.3,27.11,11.51,25.37,9.29,20.49,1.09,2.4
1500gm,"[""KC0D-1"",""KC0D-3"",""KC0D-2"",""AE0SS-13""]",2020-07-11,0.0,0.0,false,EOSS-300,0hrs 25mins 26secs,1526.0,198,4866.0,1483.16,6.95,4.32,40.606516666666664,-104.32368333333334,4995.0,1522.48,40.648833333333336,-104.38433333333332,1.25,11223.0,3420.77,95,Rocketman,12.0,3.66,0.74,1.63,6.95,4.32,"[{""altitude_ft"":10075.0,""altitude_m"":3070.86,""transition"":""high_to_low""}]",1.5,3.31,0.05,0.12,3.02,6.66,5.32,11.72,5.14,11.34,3.81,8.41,0.74,1.63
3000gm,"[""KC0D-14"",""KC0D-1"",""KC0D-3"",""AE0SS-12"",""K0SCC-14""]",2020-08-01,98561.0,30041.39,true,EOSS-301,2hrs 36mins 30secs,9390.0,480,6135.0,1869.95,88.79,55.17,38.83883333333333,-104.316,5147.0,1568.81,39.60916666666667,-104.04233333333332,1.15,98451.0,30007.86,864,Rocketman,12.0,3.66,0.74,1.63,88.79,55.17,"[{""altitude_ft"":12462.0,""altitude_m"":3798.42,""transition"":""low_to_high""},{""altitude_ft"":52124.0,""altitude_m"":15887.4,""transition"":""high_to_low""}]",3.0,6.61,8.0,17.64,2.28,5.02,14.02,30.9,13.12,28.92,11.01,24.28,0.74,1.63
3000gm,"[""KC0D-14"",""AE0SS-12""]",2020-10-03,110331.0,33628.89,true,EOSS-302,1hrs 50mins 30secs,6630.0,324,4797.0,1462.13,107.76,66.96,38.77908333333334,-103.3934,5211.0,1588.31,39.60831666666667,-104.04211666666669,1.30,110090.0,33555.43,425,Rocketman,10.0,3.05,0.63,1.39,107.76,66.96,"[{""altitude_ft"":62268.0,""altitude_m"":18979.29,""transition"":""high_to_low""}]",3.0,6.61,2.33,5.14,2.4,5.3,8.37,18.45,7.88,17.37,5.37,11.83,0.63,1.39
3000gm,"[""KC0D-1"",""KC0D-3"",""K0SCC-14""]",2020-11-01,100476.0,30625.08,true,EOSS-303,1hrs 57mins 23secs,7043.0,477,4601.0,1402.38,102.34,63.59,39.76525,-103.03593333333332,4561.0,1390.19,40.22576666666667,-104.07695,1.19,100372.0,30593.39,626,Rocketman,12.0,3.66,0.78,1.72,102.34,63.59,"[{""altitude_ft"":52415.0,""altitude_m"":15976.09,""transition"":""high_to_low""}]",3.0,6.61,7.3,16.09,2.39,5.27,13.47,29.69,13.03,28.721,10.47,23.08,0.78,1.72
1500gm,"[""KC0D-14"",""AE0SS-13""]",2020-11-07,90480.0,27578.3,true,EOSS-304,2hrs 19mins 56secs,8396.0,276,4144.0,1263.09,138.39,85.99,41.1265,-102.94276666666669,4556.0,1388.67,40.225833333333334,-104.077,1.25,90386.0,27549.65,512,Rocketman,12.0,3.66,0.78,1.72,138.39,85.99,"[{""altitude_ft"":35786.0,""altitude_m"":10907.57,""transition"":""high_to_low""}]",1.5,3.31,3.91,8.63,1.22,2.69,7.42,16.35,7.77,17.13,5.91,13.04,0.78,1.72
1500gm,"[""KC0D-1"",""K0SCC-14""]",2020-11-07,0.0,0.0,false,EOSS-305,2hrs 5mins 33secs,7533.0,268,4402.0,1341.73,122.34,76.02,41.011516666666665,-103.06078333333332,4581.0,1396.29,40.22571666666667,-104.07691666666668,1.28,89651.0,27325.62,435,Rocketman,12.0,3.66,0.52,1.15,122.34,76.02,"[{""altitude_ft"":40592.0,""altitude_m"":12372.44,""transition"":""high_to_low""}]",1.5,3.31,3.57,7.86,1.46,3.21,7.04,15.52,7.52,16.57,5.54,12.22,0.52,1.15
1500gm,"[""KC0D-3"",""KC0D-14"",""AE0SS-12""]",2021-01-16,89911.0,27404.87,true,EOSS-306,1hrs 53mins 12secs,6792.0,283,5473.0,1668.17,93.6,58.16,38.87505,-103.50505,5218.0,1590.45,39.60783333333333,-104.04133333333333,1.30,89770.0,27361.9,481,Rocketman,10.0,3.05,0.63,1.39,93.6,58.16,"[{""altitude_ft"":40581.0,""altitude_m"":12369.09,""transition"":""high_to_low""}]",1.5,3.31,3.04,6.7,2.15,4.73,7.31,16.12,8.01,17.65,5.82,12.82,0.63,1.39
3000gm,"[""KC0D-14"",""AE0SS-12"",""KC0D-2"",""AE0SS-13""]",2021-03-20,104809.0,31945.78,true,EOSS-307,1hrs 39mins 44secs,5984.0,372,4554.0,1388.06,90.11,55.99,39.781,-103.01071666666668,5257.0,1602.33,39.60848333333333,-104.04043333333334,1.15,104708.0,31915.0,721,Rocketman,12.0,3.66,0.52,1.15,90.11,55.99,"[{""altitude_ft"":21272.0,""altitude_m"":6483.71,""transition"":""low_to_high""},{""altitude_ft"":74152.0,""altitude_m"":22601.53,""transition"":""high_to_low""}]",3.0,6.61,3.83,8.44,3.51,7.73,10.85,23.93,9.48,20.91,7.86,17.32,0.52,1.15
3000gm,"[""KC0D-3"",""AE0SS-12""]",2021-04-03,99203.0,30237.07,true,EOSS-308,1hrs 35mins 18secs,5718.0,504,5151.0,1570.02,67.42,41.89,39.422,-103.2925,5204.0,1586.18,39.60763333333333,-104.04125,1.20,98291.0,29959.1,209,Rocketman,12.0,3.66,0.52,1.15,67.42,41.89,"[{""altitude_ft"":10772.0,""altitude_m"":3283.31,""transition"":""low_to_high""},{""altitude_ft"":56619.0,""altitude_m"":17257.47,""transition"":""high_to_low""}]",3.0,6.61,8.47,18.68,2.1,4.63,14.09,31.07,13.91,30.67,11.09,24.45,0.52,1.15
3000gm,"[""KC0D-14"",""AE0SS-13""]",2021-04-10,99971.0,30471.16,true,EOSS-309,1hrs 52mins 30secs,6750.0,440,5209.0,1587.7,75.08,46.65,39.875166666666665,-103.3225,4567.0,1392.02,40.22566666666667,-104.077,1.15,99651.0,30373.62,425,Rocketman,12.0,3.66,0.52,1.15,75.08,46.65,"[{""altitude_ft"":66320.0,""altitude_m"":20214.34,""transition"":""high_to_low""}]",3.0,6.61,7.22,15.91,2.12,4.67,12.85,28.34,11.78,25.98,9.86,21.73,0.52,1.15
3000gm,"[""KC0D-3"",""AE0SS-12""]",2021-04-18,105741.0,32229.86,true,EOSS-310,2hrs 7mins 18secs,7638.0,370,6623.0,2018.69,84.01,52.2,39.242,-103.1845,5201.0,1585.26,39.6075,-104.04118333333334,1.21,105633.0,32196.94,205,Rocketman,12.0,3.66,0.52,1.15,84.01,52.2,"[{""altitude_ft"":55820.0,""altitude_m"":17013.94,""transition"":""high_to_low""}]",3.0,6.61,4.64,10.24,2.1,4.63,10.26,22.63,9.42,20.77,7.27,16.02,0.52,1.15
1500gm,"[""KC0D-3"",""KC0D-2"",""AE0SS-12""]",2021-07-24,94257.0,28729.53,true,EOSS-311,1hrs 48mins 12secs,6492.0,280,6421.0,1957.12,25.85,16.06,39.23415,-103.99705,5391.0,1643.18,39.236333333333334,-103.69683333333332,1.30,94192.0,28709.72,414,Rocketman,12.0,3.66,0.74,1.63,25.85,16.06,"[{""altitude_ft"":53199.0,""altitude_m"":16215.06,""transition"":""high_to_low""}]",1.5,3.31,2.49,5.5,2.49,5.5,7.23,15.94,7.9,17.41,5.73,12.63,0.74,1.63
1500gm,"[""KC0D-3"",""AE0SS-12""]",2021-08-01,98842.0,30127.04,true,EOSS-312,2hrs 14mins 48secs,8088.0,258,5392.0,1643.48,36.74,22.83,38.977833333333336,-103.67333333333332,5588.0,1703.22,39.27823333333333,-103.49508333333334,1.30,98726.0,30091.68,464,Rocketman,12.0,3.66,0.52,1.15,36.74,22.83,"[{""altitude_ft"":48522.0,""altitude_m"":14789.51,""transition"":""high_to_low""}]",1.5,3.31,3.16,6.97,1.47,3.24,6.65,14.66,7.14,15.75,5.15,11.35,0.52,1.15
1500gm,"[""KC0D-1"",""K0SCC-14""]",2021-08-01,98784.0,30109.36,true,EOSS-313,2hrs 12mins 0secs,7920.0,258,5424.0,1653.24,35.37,21.98,38.994166666666665,-103.68011666666668,5622.0,1713.59,39.278299999999994,-103.49521666666666,1.30,98738.0,30095.34,336,Rocketman,12.0,3.66,0.52,1.15,35.37,21.98,"[{""altitude_ft"":51568.0,""altitude_m"":15717.93,""transition"":""high_to_low""}]",1.5,3.31,3.16,6.97,1.47,3.24,6.65,14.66,7.14,15.75,5.15,11.35,0.52,1.15
1500gm,"[""KC0D-14"",""AE0SS-13""]",2021-08-01,97299.0,29656.74,true,EOSS-314,2hrs 14mins 0secs,8040.0,225,5501.0,1676.7,36.55,22.71,38.9785,-103.66983333333332,5606.0,1708.71,39.278333333333336,-103.49533333333332,1.30,97198.0,29625.95,505,Rocketman,12.0,3.66,0.52,1.15,36.55,22.71,"[{""altitude_ft"":27080.0,""altitude_m"":8253.98,""transition"":""low_to_high""},{""altitude_ft"":60531.0,""altitude_m"":18449.85,""transition"":""high_to_low""}]",1.5,3.31,2.18,4.8,1.61,3.55,5.81,12.8,6.05,13.34,4.31,9.5,0.52,1.15
1500gm,"[""KC0D-3"",""AE0SS-12""]",2021-10-10,93055.0,28363.16,true,EOSS-315,1hrs 54mins 42secs,6882.0,260,5526.0,1684.32,51.18,31.8,39.69956666666667,-103.45573333333334,5206.0,1586.79,39.60816666666667,-104.042,1.30,92928.0,28324.45,431,Rocketman,12.0,3.66,0.76,1.68,51.18,31.8,"[{""altitude_ft"":48745.0,""altitude_m"":14857.48,""transition"":""high_to_low""}]",1.5,3.31,3.12,6.87,1.35,2.97,6.72,14.82,7.24,15.96,5.23,11.52,0.76,1.68
3000gm,"[""KC0D-14"",""AE0SS-13""]",2021-10-10,108610.0,33104.33,true,EOSS-316,1hrs 44mins 0secs,6240.0,393,5248.0,1599.59,36.71,22.81,39.58233333333333,-103.61483333333334,5213.0,1588.92,39.608333333333334,-104.04216666666666,1.15,108310.0,33012.89,377,Rocketman,12.0,3.66,0.52,1.15,36.71,22.81,"[{""altitude_ft"":61292.0,""altitude_m"":18681.8,""transition"":""high_to_low""}]",3.0,6.61,5.16,11.38,2.78,6.12,11.46,25.26,10.18,22.44,8.46,18.65,0.52,1.15
3000gm,"[""KC0D-14"",""KC0D-3"",""AE0SS-12""]",2021-10-30,98296.0,29960.62,true,EOSS-317,2hrs 7mins 48secs,7668.0,483,4697.0,1431.65,67.38,41.87,40.41166666666667,-104.17016666666666,4951.0,1509.06,40.473333333333336,-104.96276666666668,1.15,98296.0,29960.62,733,Rocketman,12.0,3.66,0.52,1.15,67.38,41.87,"[{""altitude_ft"":11534.0,""altitude_m"":3515.56,""transition"":""low_to_high""},{""altitude_ft"":61309.0,""altitude_m"":18686.98,""transition"":""high_to_low""}]",3.0,6.61,7.69,16.95,2.88,6.36,14.09,31.07,13.21,29.12,11.09,24.46,0.52,1.15
3000gm,"[""KC0D-14"",""AE0SS-12""]",2021-11-06,106023.0,32315.81,true,EOSS-318,2hrs 14mins 57secs,8097.0,455,4164.0,1269.19,134.94,83.85,39.64901666666667,-102.46585,5240.0,1597.15,39.608333333333334,-104.04183333333332,1.20,105972.0,32300.27,507,Rocketman,12.0,3.66,0.77,1.7,134.94,83.85,"[{""altitude_ft"":55939.0,""altitude_m"":17050.21,""transition"":""high_to_low""}]",3.0,6.61,6.99,15.41,1.97,4.35,12.73,28.06,12.27,27.06,9.73,21.45,0.77,1.7
3000gm,"[""KC0D-14"",""AE0SS-12""]",2022-01-28,95941.0,29242.82,true,EOSS-319,1hrs 56mins 30secs,6990.0,416,5405.0,1647.44,126.48,78.59,38.592333333333336,-103.38,5203.0,1585.87,39.608,-104.04216666666666,1.20,95810.0,29202.89,451,Rocketman,12.0,3.66,0.52,1.15,126.48,78.59,"[{""altitude_ft"":10497.0,""altitude_m"":3199.49,""transition"":""low_to_high""},{""altitude_ft"":52999.0,""altitude_m"":16154.1,""transition"":""high_to_low""}]",3.0,6.61,5.95,13.12,2.16,4.77,11.63,25.65,11.24,24.77,8.64,19.04,0.52,1.15
3000gm,"[""KC0D-1"",""AE0SS-13""]",2022-01-28,93283.0,28432.66,true,EOSS-320,1hrs 56mins 4secs,6964.0,353,5141.0,1566.98,124.31,77.24,38.6113,-103.3882,5234.0,1595.32,39.60823333333334,-104.0423,1.20,93155.0,28393.64,436,Rocketman,12.0,3.66,0.52,1.15,124.31,77.24,"[{""altitude_ft"":48010.0,""altitude_m"":14633.45,""transition"":""high_to_low""}]",3.0,6.61,3.52,7.75,2.83,6.23,9.86,21.74,8.84,19.48,6.86,15.13,0.52,1.15
3000gm,"[""KC0D-1"",""KC0D-3"",""AE0SS-12""]",2022-04-02,95077.0,28979.47,true,EOSS-321,1hrs 38mins 0secs,5880.0,441,8248.0,2513.99,63.26,39.31,39.26316666666666,-103.45566666666669,5211.0,1588.31,39.60816666666667,-104.04216666666666,1.20,94959.0,28943.5,566,Rocketman,12.0,3.66,0.52,1.15,63.26,39.31,"[{""altitude_ft"":56579.0,""altitude_m"":17245.28,""transition"":""high_to_low""}]",3.0,6.61,6.7,14.77,2.12,4.67,12.34,27.21,11.81,26.03,9.34,20.59,0.52,1.15
1500gm,"[""AE0SS-12"",""KC0D-1""]",2022-04-09,92113.0,28076.04,true,EOSS-322,2hrs 1mins 12secs,7272.0,281,5191.0,1582.22,77.65,48.25,39.36713333333333,-103.19093333333332,5214.0,1589.23,39.6077,-104.04113333333332,1.25,91878.0,28004.41,429,Rocketman,12.0,3.66,0.74,1.63,77.65,48.25,"[{""altitude_ft"":50361.0,""altitude_m"":15350.03,""transition"":""high_to_low""}]",1.5,3.31,3.4,7.5,1.9,4.19,7.54,16.63,7.93,17.481,6.04,13.32,0.74,1.63
1500gm,"[""AE0SS-13"",""KC0D-14""]",2022-04-09,0.0,0.0,false,EOSS-323,1hrs 33mins 19secs,5599.0,238,4921.0,1499.92,83.03,51.59,39.413333333333334,-103.106,5227.0,1593.19,39.60766666666667,-104.04115,1.25,67670.0,20625.82,337,Rocketman,12.0,3.66,0.77,1.7,83.03,51.59,"[{""altitude_ft"":46932.0,""altitude_m"":14304.87,""transition"":""high_to_low""}]",1.5,3.31,2.17,4.78,1.96,4.33,6.4,14.11,6.5,14.33,4.9,10.8,0.77,1.7
1500gm,"[""KE0BMV-11"",""KC0D-15""]",2022-04-09,92743.0,28268.07,true,EOSS-324,2hrs 10mins 24secs,7824.0,283,5425.0,1653.54,83.7,52.01,39.36783333333333,-103.11616666666669,5218.0,1590.45,39.60766666666667,-104.04133333333333,1.25,92462.0,28182.42,492,Rocketman,10.0,3.05,1.02,2.25,83.7,52.01,"[{""altitude_ft"":51806.0,""altitude_m"":15790.47,""transition"":""high_to_low""}]",1.5,3.31,3.91,8.62,1.18,2.6,7.61,16.77,8.01,17.66,6.11,13.47,1.02,2.25
1500gm,"[""KC0D-1"",""AE0SS-12""]",2022-04-24,93177.0,28400.35,true,EOSS-325,2hrs 8mins 0secs,7680.0,254,4981.0,1518.21,57.2,35.54,39.7059,-103.38556666666666,5226.0,1592.88,39.608383333333336,-104.04196666666668,1.20,93170.0,28398.22,493,Rocketman,12.0,3.66,0.52,1.15,57.2,35.54,"[{""altitude_ft"":62431.0,""altitude_m"":19028.97,""transition"":""high_to_low""}]",1.5,3.31,3.41,7.52,1.67,3.68,7.1,15.66,7.02,15.48,5.6,12.35,0.52,1.15
1500gm,"[""KC0D-14"",""AE0SS-13""]",2022-07-30,92116.0,28076.96,true,EOSS-326,2hrs 7mins 49secs,7669.0,250,5041.0,1536.5,18.25,11.34,39.11683333333333,-103.45583333333332,5611.0,1710.23,39.27815,-103.49546666666669,1.25,91973.0,28033.37,432,Rocketman,12.0,3.66,0.52,1.15,18.25,11.34,"[{""altitude_ft"":52446.0,""altitude_m"":15985.54,""transition"":""high_to_low""}]",1.5,3.31,3.0,6.61,1.7,3.75,6.72,14.82,6.9,15.22,5.22,11.51,0.52,1.15
1500gm,"[""KC0D-1"",""AE0SS-12""]",2022-07-30,91662.0,27938.58,true,EOSS-327,2hrs 18mins 0secs,8280.0,278,4977.0,1516.99,21.57,13.4,39.08928333333333,-103.43701666666666,5582.0,1701.39,39.27798333333333,-103.49553333333334,1.25,91544.0,27902.61,480,Rocketman,12.0,3.66,0.52,1.15,21.57,13.4,"[{""altitude_ft"":35049.0,""altitude_m"":10682.94,""transition"":""high_to_low""}]",1.5,3.31,3.77,8.32,1.67,3.68,7.46,16.45,7.83,17.26,5.96,13.15,0.52,1.15
1500gm,"[""KE0BMV-11"",""KC0D-3"",""KC0D-15""]",2022-07-30,88718.0,27041.25,true,EOSS-328,2hrs 36mins 5secs,9365.0,279,5620.0,1712.98,30.96,19.24,39.055166666666665,-103.27983333333331,5640.0,1719.07,39.278166666666664,-103.4955,1.25,88369.0,26934.87,352,Rocketman,10.0,3.05,1.02,2.25,30.96,19.24,"[{""altitude_ft"":58113.0,""altitude_m"":17712.84,""transition"":""high_to_low""}]",1.5,3.31,3.13,6.89,1.84,4.05,7.48,16.5,7.86,17.32,5.98,13.19,1.02,2.25
1500gm,"[""KC0D-1"",""KC0D-3"",""AE0SS-13""]",2022-10-15,93072.0,28368.35,true,EOSS-329,1hrs 54mins 30secs,6870.0,298,4902.0,1494.13,82.67,51.37,39.412166666666664,-103.11186666666669,5211.0,1588.31,39.60803333333333,-104.04216666666666,1.30,93012.0,28350.06,677,Rocketman,12.0,3.66,0.77,1.7,82.67,51.37,"[{""altitude_ft"":48805.0,""altitude_m"":14875.76,""transition"":""high_to_low""}]",1.5,3.31,3.37,7.44,2.05,4.53,7.7,16.97,8.5,18.75,6.2,13.66,0.77,1.7
3000gm,"[""KC0D-1"",""AE0SS-12""]",2022-10-29,101899.0,31058.82,true,EOSS-330,1hrs 49mins 0secs,6540.0,460,4718.0,1438.05,55.12,34.25,39.80473333333334,-103.45001666666668,5214.0,1589.23,39.608383333333336,-104.04223333333331,1.20,101899.0,31058.82,420,Rocketman,12.0,3.66,0.52,1.15,55.12,34.25,"[{""altitude_ft"":51240.0,""altitude_m"":15617.95,""transition"":""high_to_low""}]",3.0,6.61,7.2,15.87,2.15,4.74,12.87,28.37,12.44,27.43,9.87,21.76,0.52,1.15
3000gm,"[""KC0D-1"",""KC0D-3"",""AE0SS-12""]",2022-11-05,111250.0,33909.0,true,EOSS-331,2hrs 5mins 45secs,7545.0,411,4727.0,1440.79,123.45,76.71,39.18416666666667,-102.71166666666667,5223.0,1591.97,39.60733333333334,-104.041,1.20,111177.0,33886.75,573,Rocketman,12.0,3.66,0.52,1.15,123.45,76.71,"[{""altitude_ft"":57229.0,""altitude_m"":17443.4,""transition"":""high_to_low""}]",3.0,6.61,5.11,11.26,2.87,6.33,11.5,25.35,10.8,23.8,8.5,18.73,0.52,1.15
1500gm,"[""KC0D-14"",""AE0SS-12""]",2023-01-14,95351.0,29062.98,true,EOSS-332,2hrs 4mins 30secs,7470.0,245,4354.0,1327.1,112.75,70.06,39.606833333333334,-102.72503333333331,5204.0,1586.18,39.608466666666665,-104.04211666666669,1.30,95303.0,29048.35,471,Rocketman,10.0,3.05,0.63,1.39,112.75,70.06,"[{""altitude_ft"":44009.0,""altitude_m"":13413.94,""transition"":""high_to_low""}]",1.5,3.31,2.28,5.02,1.91,4.22,6.32,13.94,6.72,14.81,4.82,10.63,0.63,1.39
1500gm,"[""KC0D-1"",""AE0SS-13""]",2023-01-14,92222.0,28109.27,true,EOSS-333,1hrs 49mins 19secs,6559.0,289,5368.0,1636.17,101.37,62.99,39.64066666666667,-102.85833333333332,5240.0,1597.15,39.60845,-104.04208333333334,1.30,92213.0,28106.52,367,Rocketman,10.0,3.05,0.66,1.46,101.37,62.99,"[{""altitude_ft"":54974.0,""altitude_m"":16756.08,""transition"":""high_to_low""}]",1.5,3.31,3.87,8.53,1.44,3.17,7.47,16.46,8.21,18.101,5.97,13.16,0.66,1.46
1500gm,"[""KE0BMV-11"",""AE0SS-9""]",2023-01-14,0.0,0.0,false,EOSS-334,1hrs 59mins 52secs,7192.0,285,5519.0,1682.19,121.6,75.56,39.7735,-102.63616666666668,5215.0,1589.53,39.60816666666667,-104.042,1.30,86211.0,26277.11,212,Rocketman,10.0,3.05,1.02,2.25,121.6,75.56,"[{""altitude_ft"":55507.0,""altitude_m"":16918.53,""transition"":""high_to_low""}]",1.5,3.31,3.38,7.46,1.47,3.23,7.37,16.24,8.08,17.81,5.86,12.93,1.02,2.25
3000gm,"[""KC0D-1"",""KC0D-3"",""AE0SS-13""]",2023-03-26,104416.0,31826.0,true,EOSS-335,1hrs 46mins 30secs,6390.0,381,6833.0,2082.7,90.86,56.46,39.8815,-103.03983333333332,5197.0,1584.05,39.608,-104.04216666666666,1.20,103639.0,31589.17,384,Rocketman,12.0,3.66,0.52,1.15,90.86,56.46,"[{""altitude_ft"":48301.0,""altitude_m"":14722.14,""transition"":""high_to_low""}]",3.0,6.61,3.73,8.23,3.39,7.48,10.65,23.47,9.77,21.55,7.65,16.86,0.52,1.15
3000gm,"[""KC0D-14"",""AE0SS-12""]",2023-04-01,107834.0,32867.8,true,EOSS-336,2hrs 2mins 0secs,7320.0,407,4646.0,1416.1,129.54,80.49,39.45883333333333,-102.5435,5203.0,1585.87,39.60816666666667,-104.0425,1.20,107700.0,32826.96,472,Rocketman,12.0,3.66,0.52,1.15,129.54,80.49,"[{""altitude_ft"":15038.0,""altitude_m"":4583.58,""transition"":""low_to_high""},{""altitude_ft"":68391.0,""altitude_m"":20845.58,""transition"":""high_to_low""}]",3.0,6.61,5.72,12.61,2.14,4.71,11.38,25.08,10.65,23.48,8.38,18.47,0.52,1.15
1500gm,"[""KC0D-1"",""AE0SS-13""]",2023-04-01,0.0,0.0,false,EOSS-337,1hrs 27mins 19secs,5239.0,266,4042.0,1232.0,131.52,81.72,39.488166666666665,-102.5155,5224.0,1592.28,39.6083,-104.04258333333334,1.30,63158.0,19250.56,329,Rocketman,12.0,3.66,0.77,1.7,131.52,81.72,"[{""altitude_ft"":34496.0,""altitude_m"":10514.38,""transition"":""low_to_high""}]",1.5,3.31,2.44,5.38,2.15,4.75,6.86,15.13,7.42,16.36,5.36,11.82,0.77,1.7
3000gm,"[""KC0D-14"",""AE0SS-12""]",2023-04-16,105379.0,32119.52,true,EOSS-338,1hrs 58mins 0secs,7080.0,445,5740.0,1749.55,87.27,54.23,39.215666666666664,-103.16183333333332,5212.0,1588.62,39.60816666666667,-104.0425,1.20,105170.0,32055.82,461,Rocketman,12.0,3.66,0.52,1.15,87.27,54.23,"[{""altitude_ft"":12357.0,""altitude_m"":3766.41,""transition"":""low_to_high""},{""altitude_ft"":58636.0,""altitude_m"":17872.25,""transition"":""high_to_low""}]",3.0,6.61,6.8,15.0,2.14,4.71,12.46,27.47,11.95,26.35,9.46,20.86,0.52,1.15
1500gm,"[""KC0D-14"",""AE0SS-12""]",2023-04-22,97284.0,29652.16,true,EOSS-339,2hrs 12mins 27secs,7947.0,289,4764.0,1452.07,122.42,76.07,39.0711,-102.79733333333331,5237.0,1596.24,39.60783333333333,-104.04133333333333,1.30,97223.0,29633.57,506,Rocketman,12.0,3.66,0.77,1.7,122.42,76.07,"[{""altitude_ft"":13693.0,""altitude_m"":4173.63,""transition"":""low_to_high""},{""altitude_ft"":53644.0,""altitude_m"":16350.69,""transition"":""high_to_low""}]",1.5,3.31,3.25,7.16,1.95,4.29,7.47,16.46,8.21,18.09,5.96,13.15,0.77,1.7
1500gm,"[""KC0D-1"",""AE0SS-13""]",2023-04-22,92098.0,28071.47,true,EOSS-340,2hrs 4mins 30secs,7470.0,269,4945.0,1507.24,115.47,71.75,39.11175,-102.86015,5234.0,1595.32,39.60775,-104.04128333333334,1.30,92029.0,28050.44,460,Rocketman,12.0,3.66,0.77,1.7,115.47,71.75,"[{""altitude_ft"":57817.0,""altitude_m"":17622.62,""transition"":""high_to_low""}]",1.5,3.31,2.73,6.01,1.95,4.29,6.94,15.31,7.53,16.59,5.44,12.0,0.77,1.7
1500gm,"[""KC0D-14"",""AE0SS-12""]",2023-05-04,84935.0,25888.19,true,EOSS-341,2hrs 4mins 57secs,7497.0,218,4823.0,1470.05,61.14,37.99,40.07435,-104.40935,5729.0,1746.2,39.7555,-104.994,1.35,84841.0,25859.54,427,Rocketman,12.0,3.66,0.74,1.63,61.14,37.99,"[{""altitude_ft"":20350.0,""altitude_m"":6202.68,""transition"":""low_to_high""},{""altitude_ft"":65268.0,""altitude_m"":19893.69,""transition"":""high_to_low""}]",1.5,3.31,1.27,2.8,1.91,4.22,5.42,11.96,5.83,12.85,3.93,8.66,0.74,1.63
1500gm,"[""KC0D-14"",""AE0SS-12""]",2023-06-03,101426.0,30914.64,true,EOSS-342,1hrs 46mins 30secs,6390.0,255,4915.0,1498.09,66.29,41.19,40.56565,-104.72238333333334,4561.0,1390.19,40.226483333333334,-104.07788333333332,1.30,101223.0,30852.77,413,Rocketman,10.0,3.05,0.63,1.39,66.29,41.19,"[{""altitude_ft"":45650.0,""altitude_m"":13914.12,""transition"":""high_to_low""}]",1.5,3.31,2.53,5.58,1.91,4.22,6.58,14.5,7.05,15.55,5.08,11.2,0.63,1.39
3000gm,"[""KC0D-12"",""AE0SS-9""]",2023-06-17,0.0,0.0,false,EOSS-343,1hrs 55mins 15secs,6915.0,243,9711.0,2959.91,64.28,39.94,34.38668333333333,-86.07745,705.0,214.88,34.72516666666667,-86.647,1.20,78749.0,24002.7,195,Spherachute,10.0,3.05,1.09,2.4,64.28,39.94,"[{""altitude_ft"":26904.0,""altitude_m"":8200.34,""transition"":""low_to_high""},{""altitude_ft"":60621.0,""altitude_m"":18477.28,""transition"":""high_to_low""}]",3.0,6.61,1.42,3.13,1.3,2.87,6.81,15.01,5.17,11.4,3.81,8.4,1.09,2.4
3000gm,"[""KC0D-2"",""AE0SS-13""]",2023-07-22,103313.0,31489.8,true,EOSS-344,1hrs 50mins 26secs,6626.0,363,9506.0,2897.43,51.55,32.03,38.8373,-103.30915,5652.0,1722.73,39.278,-103.49566666666666,1.20,103257.0,31472.73,434,Rocketman,12.0,3.66,0.74,1.63,51.55,32.03,"[{""altitude_ft"":52066.0,""altitude_m"":15869.72,""transition"":""high_to_low""}]",3.0,6.61,3.66,8.07,2.76,6.09,10.16,22.4,9.19,20.27,7.16,15.79,0.74,1.63
3000gm,"[""KC0D-2"",""AE0SS-13""]",2023-07-29,102479.0,31235.6,true,EOSS-345,1hrs 39mins 4secs,5944.0,335,5509.0,1679.14,12.09,7.51,39.151833333333336,-103.60816666666666,5408.0,1648.36,39.23613333333333,-103.69693333333332,1.20,102087.0,31116.12,392,Rocketman,12.0,3.66,0.74,1.63,12.09,7.51,"[{""altitude_ft"":41108.0,""altitude_m"":12529.72,""transition"":""low_to_high""}]",3.0,6.61,3.41,7.52,2.23,4.91,9.38,20.67,8.25,18.19,6.37,14.05,0.74,1.63
1500gm,"[""KC0D-14"",""KC0D-1"",""AE0SS-13""]",2023-09-09,0.0,0.0,false,EOSS-346,2hrs 9mins 30secs,7770.0,247,5821.0,1774.24,62.19,38.64,39.31283333333333,-103.42383333333332,5224.0,1592.28,39.607400000000005,-104.04015,1.30,96229.0,29330.6,376,Rocketman,12.0,3.66,0.77,1.7,62.19,38.64,"[{""altitude_ft"":40575.0,""altitude_m"":12367.26,""transition"":""high_to_low""}]",1.5,3.31,0.46,1.02,3.65,8.04,6.38,14.06,6.79,14.97,4.88,10.75,0.77,1.7
1500gm,"[""KC0D-1"",""AE0SS-13""]",2023-10-21,87189.0,26575.21,true,EOSS-347,1hrs 52mins 0secs,6720.0,282,5027.0,1532.23,76.96,47.82,39.60196666666666,-103.14315,5240.0,1597.15,39.60836666666667,-104.04205,1.30,86937.0,26498.4,378,Rocketman,12.0,3.66,0.77,1.7,76.96,47.82,"[{""altitude_ft"":50582.0,""altitude_m"":15417.39,""transition"":""high_to_low""}]",1.5,3.31,2.24,4.93,2.79,6.15,7.29,16.08,7.98,17.6,5.8,12.78,0.77,1.7
3000gm,"[""KC0D-2"",""AE0SS-1"",""AE0SS-12""]",2023-11-04,74857.0,22816.41,true,EOSS-348,1hrs 24mins 15secs,5055.0,469,4686.0,1428.29,104.04,64.65,38.904333333333334,-103.24366666666668,5225.0,1592.58,39.60766666666667,-104.04183333333332,1.20,74803.0,22799.95,486,Rocketman,12.0,3.66,0.77,1.7,104.04,64.65,"[{""altitude_ft"":19724.0,""altitude_m"":6011.88,""transition"":""low_to_high""},{""altitude_ft"":63151.0,""altitude_m"":19248.42,""transition"":""high_to_low""}]",3.0,6.61,6.53,14.39,2.81,6.2,13.11,28.9,12.73,28.06,10.11,22.28,0.77,1.7
3000gm,"[""KC0D-1"",""AE0SS-13""]",2023-11-04,100897.0,30753.41,true,EOSS-349,1hrs 56mins 49secs,7009.0,401,5042.0,1536.8,129.12,80.23,38.834666666666664,-102.922,5217.0,1590.14,39.60776666666667,-104.04185,1.20,100589.0,30659.53,395,Rocketman,12.0,3.66,0.77,1.7,129.12,80.23,"[{""altitude_ft"":16636.0,""altitude_m"":5070.65,""transition"":""low_to_high""},{""altitude_ft"":64772.0,""altitude_m"":19742.51,""transition"":""high_to_low""}]",3.0,6.61,5.5,12.12,1.96,4.32,11.23,24.75,10.47,23.09,8.23,18.14,0.77,1.7
3000gm,"[""KC0D-2"",""AE0SS-12""]",2023-11-11,79405.0,24202.64,true,EOSS-350,1hrs 42mins 48secs,6168.0,461,4717.0,1437.74,90.53,56.25,39.5215,-102.9915,5237.0,1596.24,39.608183333333336,-104.04231666666666,1.20,79183.0,24134.98,388,Rocketman,12.0,3.66,0.77,1.7,90.53,56.25,"[{""altitude_ft"":10313.0,""altitude_m"":3143.4,""transition"":""low_to_high""},{""altitude_ft"":45725.0,""altitude_m"":13936.98,""transition"":""high_to_low""}]",3.0,6.61,6.33,13.95,2.81,6.2,12.91,28.46,12.49,27.54,9.91,21.85,0.77,1.7
1500gm,"[""KC0D-2"",""AE0SS-12""]",2023-12-02,67334.0,20523.4,true,EOSS-351,1hrs 23mins 18secs,4998.0,290,4969.0,1514.55,65.74,40.85,39.735,-103.29116666666668,5175.0,1577.34,39.60843333333334,-104.042,1.30,67108.0,20454.52,295,Rocketman,12.0,3.66,0.77,1.7,65.74,40.85,"[{""altitude_ft"":29928.0,""altitude_m"":9122.05,""transition"":""low_to_high""}]",1.5,3.31,3.63,8.0,1.6,3.52,7.49,16.52,8.24,18.17,5.99,13.21,0.77,1.7
1500gm,"[""KC0D-1"",""KC0D-3""]",2023-12-02,72420.0,22073.62,true,EOSS-352,1hrs 31mins 20secs,5480.0,287,4894.0,1491.69,71.55,44.46,39.7375,-103.2225,5213.0,1588.92,39.608333333333334,-104.042,1.30,72356.0,22054.11,362,Rocketman,12.0,3.66,0.77,1.7,71.55,44.46,"[{""altitude_ft"":17492.0,""altitude_m"":5331.56,""transition"":""low_to_high""},{""altitude_ft"":65571.0,""altitude_m"":19986.04,""transition"":""high_to_low""}]",1.5,3.31,4.15,9.14,0.99,2.19,7.41,16.33,8.13,17.93,5.91,13.03,0.77,1.7
1500gm,"[""AE0SS-2"",""K0SCC-14""]",2023-12-02,72430.0,22076.66,true,EOSS-353,1hrs 36mins 48secs,5808.0,292,4814.0,1467.31,77.67,48.26,39.744600000000005,-103.15128333333334,5201.0,1585.26,39.60841666666667,-104.04205,1.30,72421.0,22073.92,282,Rocketman,12.0,3.66,0.82,1.81,77.67,48.26,"[{""altitude_ft"":16931.0,""altitude_m"":5160.57,""transition"":""low_to_high""},{""altitude_ft"":46196.0,""altitude_m"":14080.54,""transition"":""high_to_low""}]",1.5,3.31,4.02,8.86,1.21,2.67,7.55,16.64,8.31,18.33,6.05,13.34,0.82,1.81
2000gm,"[""AE0SS-12"",""KC0D-3""]",2024-03-17,98888.0,30141.06,true,EOSS-354,1hrs 49mins 47secs,6587.0,295,6175.0,1882.14,35.34,21.96,39.336299999999994,-103.82846666666669,5225.0,1592.58,39.608333333333334,-104.042,1.25,98821.0,30120.64,420,Rocketman,12.0,3.66,0.82,1.81,35.34,21.96,"[{""altitude_ft"":10274.0,""altitude_m"":3131.52,""transition"":""low_to_high""},{""altitude_ft"":55168.0,""altitude_m"":16815.21,""transition"":""high_to_low""}]",2.0,4.41,3.66,8.06,1.45,3.19,7.92,17.47,7.9,17.42,5.92,13.06,0.82,1.81
3000gm,"[""AE0SS-3"",""KC0D-1""]",2024-04-21,109893.0,33495.39,true,EOSS-355,2hrs 18mins 0secs,8280.0,317,4499.0,1371.3,131.72,81.85,38.95666666666666,-102.7625,5227.0,1593.19,39.608,-104.04216666666666,1.20,109752.0,33452.41,479,Rocketman,12.0,3.66,0.77,1.7,131.72,81.85,"[{""altitude_ft"":68226.0,""altitude_m"":20795.28,""transition"":""high_to_low""}]",3.0,6.61,4.09,9.01,1.0,2.21,8.86,19.53,7.63,16.82,5.86,12.91,0.77,1.7
1500gm,"[""AE0SS-2"",""KC0D-2""]",2024-04-21,90576.0,27607.56,true,EOSS-356,1hrs 54mins 26secs,6866.0,299,5134.0,1564.84,119.62,74.33,38.9375,-102.95416666666668,5212.0,1588.62,39.608,-104.04216666666666,1.30,90473.0,27576.17,381,Rocketman,12.0,3.66,0.77,1.7,119.62,74.33,"[{""altitude_ft"":51858.0,""altitude_m"":15806.32,""transition"":""high_to_low""}]",1.5,3.31,4.0,8.82,1.44,3.18,7.71,17.0,8.53,18.8,6.21,13.7,0.77,1.7
1500gm,"[""AE0SS-12"",""KC0D-3""]",2024-04-21,0.0,0.0,false,EOSS-357,1hrs 52mins 17secs,6737.0,301,6746.0,2056.18,115.81,71.96,38.95001666666667,-102.998,5223.0,1591.97,39.608,-104.04216666666666,1.30,89552.0,27295.45,226,Rocketman,12.0,3.66,0.82,1.81,115.81,71.96,"[{""altitude_ft"":49662.0,""altitude_m"":15136.98,""transition"":""high_to_low""}]",1.5,3.31,2.82,6.21,2.63,5.79,7.76,17.11,8.59,18.94,6.26,13.81,0.82,1.81
1500gm,"[""AE0SS-4"",""KC0D-3""]",2024-05-04,89727.0,27348.79,true,EOSS-358,1hrs 28mins 19secs,5299.0,267,45636.0,13909.85,60.13,37.36,39.76466666666666,-103.369,5213.0,1588.92,39.60816666666667,-104.04216666666666,1.30,89485.0,27275.03,152,Rocketman,12.0,3.66,0.82,1.81,60.13,37.36,"[{""altitude_ft"":34239.0,""altitude_m"":10436.05,""transition"":""low_to_high""},{""altitude_ft"":66163.0,""altitude_m"":20166.48,""transition"":""high_to_low""}]",1.5,3.31,3.01,6.64,1.56,3.44,6.89,15.19,7.46,16.45,5.39,11.89,0.82,1.81
3000gm,"[""AE0SS-1"",""AE0SS-3"",""KC0D-1""]",2024-05-04,101954.0,31075.58,true,EOSS-359,1hrs 48mins 59secs,6539.0,353,34398.0,10484.51,60.22,37.42,39.75983333333333,-103.366,5242.0,1597.76,39.60816666666667,-104.04216666666666,1.20,101911.0,31062.47,527,Rocketman,12.0,3.66,0.77,1.7,60.22,37.42,"[{""altitude_ft"":58771.0,""altitude_m"":17913.4,""transition"":""high_to_low""}]",3.0,6.61,3.86,8.5,2.26,4.99,9.88,21.79,8.86,19.54,6.89,15.18,0.77,1.7
3000gm,"[""AE0SS-1"",""AE0SS-4"",""KC0D-3"",""KC0D-1""]",2024-05-18,100123.0,30517.49,true,EOSS-360,1hrs 47mins 30secs,6450.0,482,5285.0,1610.87,52.64,32.71,39.72983333333333,-103.44733333333332,5222.0,1591.67,39.608,-104.04216666666666,1.20,99980.0,30473.9,627,Rocketman,12.0,3.66,0.77,1.7,52.64,32.71,"[{""altitude_ft"":64226.0,""altitude_m"":19576.08,""transition"":""high_to_low""}]",3.0,6.61,6.71,14.79,3.02,6.65,13.5,29.76,13.2,29.09,10.5,23.14,0.77,1.7
3000gm,"[""KC0D-2"",""AE0SS-4"",""AE0SS-2""]",2024-08-03,99227.0,30244.39,true,EOSS-361,1hrs 35mins 23secs,5723.0,415,5610.0,1709.93,44.0,27.34,38.81883333333333,-103.96616666666668,27831.0,8482.89,39.151833333333336,-103.69066666666669,1.20,99136.0,30216.65,497,Rocketman,12.0,3.66,0.77,1.7,44.0,27.34,"[{""altitude_ft"":60541.0,""altitude_m"":18452.9,""transition"":""high_to_low""}]",3.0,6.61,5.57,12.29,2.28,5.02,11.62,25.62,10.95,24.13,8.62,19.01,0.77,1.7
2000gm,"[""KC0D-3"",""AE0SS-1"",""KC0D-2""]",2024-10-20,99384.0,30292.24,true,EOSS-362,1hrs 40mins 45secs,6045.0,290,11560.0,3523.49,62.3,38.71,40.077,-103.642,5222.0,1591.67,39.608,-104.04216666666666,1.25,98987.0,30171.24,428,Rocketman,12.0,3.66,0.82,1.81,62.3,38.71,"[{""altitude_ft"":57841.0,""altitude_m"":17629.94,""transition"":""high_to_low""}]",2.0,4.41,2.64,5.81,2.32,5.12,7.78,17.15,7.72,17.02,5.78,12.74,0.82,1.81
3000gm,"[""KC0D-3"",""AE0SS-4""]",2024-11-16,106225.0,32377.38,true,EOSS-363,2hrs 11mins 26secs,7886.0,443,3989.0,1215.85,157.31,97.75,40.466,-102.57083333333334,5219.0,1590.75,39.608333333333334,-104.04216666666666,1.20,106085.0,32334.71,488,Rocketman,12.0,3.66,0.82,1.81,157.31,97.75,"[{""altitude_ft"":11797.0,""altitude_m"":3595.73,""transition"":""low_to_high""},{""altitude_ft"":60694.0,""altitude_m"":18499.53,""transition"":""high_to_low""}]",3.0,6.61,7.09,15.62,1.5,3.31,12.41,27.35,11.89,26.21,9.41,20.74,0.82,1.81
3000gm,"[""KC0D-1"",""AE0SS-3""]",2024-11-16,0.0,0.0,true,EOSS-364,1hrs 26mins 40secs,5200.0,370,4698.0,1431.95,135.07,83.93,40.398666666666664,-102.8365,5226.0,1592.88,39.608333333333334,-104.04216666666666,1.20,84498.0,25754.99,285,Rocketman,12.0,3.66,0.77,1.7,135.07,83.93,"[{""altitude_ft"":16428.0,""altitude_m"":5007.25,""transition"":""low_to_high""},{""altitude_ft"":65939.0,""altitude_m"":20098.21,""transition"":""high_to_low""}]",3.0,6.61,5.0,11.03,1.57,3.47,10.35,22.82,9.42,20.77,7.35,16.21,0.77,1.7
3000gm,"[""KC0D-3"",""AE0SS-4""]",2024-12-07,90628.0,27623.41,true,EOSS-365,1hrs 57mins 34secs,7054.0,351,6055.0,1845.56,57.45,35.7,39.096833333333336,-103.93983333333334,5212.0,1588.62,39.60783333333333,-104.04216666666666,1.20,90615.0,27619.45,427,Rocketman,12.0,3.66,0.82,1.81,57.45,35.7,"[{""altitude_ft"":17172.0,""altitude_m"":5234.03,""transition"":""low_to_high""},{""altitude_ft"":59200.0,""altitude_m"":18044.16,""transition"":""high_to_low""}]",3.0,6.61,4.5,9.91,1.5,3.31,9.82,21.64,8.78,19.35,6.81,15.02,0.82,1.81
3000gm,"[""KC0D-1"",""AE0SS-3""]",2024-12-07,88433.0,26954.38,true,EOSS-366,1hrs 55mins 0secs,6900.0,391,6018.0,1834.29,52.85,32.84,39.14266666666666,-103.91616666666668,5218.0,1590.45,39.60816666666667,-104.04216666666666,1.20,88137.0,26864.16,375,Rocketman,12.0,3.66,0.77,1.7,52.85,32.84,"[{""altitude_ft"":52910.0,""altitude_m"":16126.97,""transition"":""high_to_low""}]",3.0,6.61,5.59,12.33,1.57,3.47,10.94,24.12,10.12,22.32,7.94,17.5,0.77,1.7
1500gm,"[""KC0L-11"",""AE0SS-4""]",2025-02-01,89528.0,27288.13,true,EOSS-367,2hrs 1mins 30secs,7290.0,276,4276.0,1303.32,131.63,81.79,39.38133333333333,-102.5355,5208.0,1587.4,39.608,-104.04216666666666,1.30,89245.0,27201.88,309,Rocketman,12.0,3.66,0.82,1.81,131.63,81.79,"[{""altitude_ft"":43920.0,""altitude_m"":13386.82,""transition"":""high_to_low""}]",1.5,3.31,3.32,7.31,1.5,3.31,7.14,15.73,7.77,17.14,5.64,12.43,0.82,1.81
1500gm,"[""KC0D-1"",""AE0SS-3""]",2025-02-01,0.0,0.0,true,EOSS-368,2hrs 9mins 30secs,7770.0,267,4168.0,1270.41,140.45,87.27,39.355333333333334,-102.43766666666669,5212.0,1588.62,39.608,-104.04216666666666,1.30,91544.0,27902.61,503,Rocketman,12.0,3.66,0.77,1.7,140.45,87.27,"[{""altitude_ft"":44479.0,""altitude_m"":13557.2,""transition"":""high_to_low""}]",1.5,3.31,3.04,6.7,1.57,3.47,6.89,15.18,7.45,16.43,5.38,11.87,0.77,1.7
2000gm,"[""KC0D-3"",""AE0SS-4""]",2025-03-23,0.0,0.0,false,EOSS-369,1hrs 49mins 4secs,6544.0,333,5125.0,1562.1,97.99,60.89,39.10016666666667,-103.10983333333331,5215.0,1589.53,39.608,-104.04216666666666,1.25,95515.0,29112.97,258,Rocketman,12.0,3.66,0.82,1.81,97.99,60.89,"[{""altitude_ft"":61230.0,""altitude_m"":18662.9,""transition"":""high_to_low""}]",2.0,4.41,4.08,8.99,2.03,4.48,8.93,19.69,9.17,20.21,6.93,15.28,0.82,1.81
3000gm,"[""KC0D-3"",""AE0SS-4"",""AE0SS-12""]",2025-04-06,94023.0,28658.21,true,EOSS-370,1hrs 57mins 30secs,7050.0,367,5847.0,1782.17,48.18,29.94,39.17483333333333,-104.01716666666668,5229.0,1593.8,39.608,-104.04216666666666,1.20,93949.0,28635.66,695,Rocketman,12.0,3.66,0.82,1.81,48.18,29.94,"[{""altitude_ft"":58653.0,""altitude_m"":17877.43,""transition"":""high_to_low""}]",3.0,6.61,3.98,8.77,2.48,5.47,10.28,22.66,9.33,20.57,7.28,16.04,0.82,1.81
3000gm,"[""KC0D-1"",""KC0D-14"",""AE0SS-3""]",2025-04-06,94121.0,28688.08,true,EOSS-371,1hrs 48mins 0secs,6480.0,389,6014.0,1833.07,41.54,25.81,39.23583333333333,-103.99866666666668,5231.0,1594.41,39.60816666666667,-104.04216666666666,1.20,94074.0,28673.76,620,Rocketman,12.0,3.66,0.77,1.7,41.54,25.81,"[{""altitude_ft"":52845.0,""altitude_m"":16107.16,""transition"":""high_to_low""}]",3.0,6.61,5.0,11.03,2.1,4.63,10.87,23.97,10.05,22.15,7.87,17.36,0.77,1.7
1500gm,"[""KC0D-3"",""AE0SS-12""]",2025-04-12,91249.0,27812.7,true,EOSS-372,2hrs 4mins 47secs,7487.0,288,4778.0,1456.33,87.34,54.27,39.44656666666667,-103.04481666666668,5223.0,1591.97,39.608,-104.04216666666666,1.30,91254.0,27814.22,487,Rocketman,12.0,3.66,0.82,1.81,87.34,54.27,"[{""altitude_ft"":42161.0,""altitude_m"":12850.67,""transition"":""high_to_low""}]",1.5,3.31,3.11,6.85,2.01,4.43,7.44,16.4,8.17,18.01,5.94,13.09,0.82,1.81
3000gm,"[""KC0D-1"",""AE0SS-3""]",2025-04-12,0.0,0.0,true,EOSS-373,1hrs 55mins 20secs,6920.0,478,5084.0,1549.6,65.37,40.62,39.5005,-103.29216666666667,5219.0,1590.75,39.608,-104.04233333333332,1.20,99763.0,30407.76,444,Rocketman,12.0,3.66,0.77,1.7,65.37,40.62,"[{""altitude_ft"":64800.0,""altitude_m"":19751.04,""transition"":""high_to_low""}]",3.0,6.61,8.03,17.7,1.57,3.47,13.38,29.49,13.05,28.77,10.37,22.87,0.77,1.7
1500gm,"[""KC0D-1"",""AE0SS-3""]",2025-05-03,89887.0,27397.56,true,EOSS-374,1hrs 59mins 30secs,7170.0,295,5110.0,1557.53,40.3,25.04,38.880833333333335,-103.6035,5408.0,1648.36,39.23616666666667,-103.69683333333332,1.30,89886.0,27397.25,424,Rocketman,12.0,3.66,0.77,1.7,40.3,25.04,"[{""altitude_ft"":46052.0,""altitude_m"":14036.65,""transition"":""high_to_low""}]",1.5,3.31,3.77,8.32,1.57,3.47,7.62,16.79,8.41,18.53,6.12,13.49,0.77,1.7
1500gm,"[""KC0D-3"",""AE0SS-4"",""AE0SS-2""]",2025-05-03,87363.0,26628.24,true,EOSS-375,1hrs 57mins 36secs,7056.0,296,5136.0,1565.45,39.04,24.26,38.89183333333333,-103.60666666666668,5402.0,1646.53,39.23616666666667,-103.69683333333332,1.30,87039.0,26529.49,673,Rocketman,12.0,3.66,0.82,1.81,39.04,24.26,"[{""altitude_ft"":45552.0,""altitude_m"":13884.25,""transition"":""high_to_low""}]",1.5,3.31,3.36,7.41,1.97,4.35,7.65,16.87,8.45,18.63,6.16,13.57,0.82,1.81
1500gm,"[""KC0D-1"",""AE0SS-3""]",2025-05-10,0.0,0.0,true,EOSS-376,2hrs 8mins 20secs,7700.0,257,5260.0,1603.25,36.16,22.47,38.913,-103.65,5401.0,1646.22,39.236333333333334,-103.697,1.30,93577.0,28522.27,456,Rocketman,12.0,3.66,0.77,1.7,36.16,22.47,"[{""altitude_ft"":43536.0,""altitude_m"":13269.77,""transition"":""high_to_low""}]",1.5,3.31,2.85,6.28,1.51,3.34,6.63,14.62,7.13,15.71,5.13,11.32,0.77,1.7
3000gm,"[""KC0D-2"",""AE0SS-1"",""AE0SS-2""]",2025-05-10,63174.0,19255.44,true,EOSS-377,1hrs 15mins 38secs,4538.0,462,5359.0,1633.42,25.56,15.88,39.0065,-103.68016666666666,5402.0,1646.53,39.23616666666667,-103.69683333333332,1.20,63097.0,19231.97,434,Rocketman,12.0,3.66,0.77,1.7,25.56,15.88,"[{""altitude_ft"":54081.0,""altitude_m"":16483.89,""transition"":""high_to_low""}]",3.0,6.61,6.86,15.13,2.28,5.02,12.91,28.47,12.5,27.55,9.91,21.85,0.77,1.7
2000gm,"[""KC0D-3"",""KC0D-12""]",2025-06-14,0.0,0.0,false,EOSS-378,2hrs 28mins 30secs,8910.0,167,2613.0,796.44,30.75,19.11,38.19698333,-97.4275,2373.0,723.29,38.14468333,-97.77328333,1.25,89165.0,27177.49,216,Rocketman,12.0,3.66,0.82,1.81,30.75,19.11,"[{""altitude_ft"":48702.0,""altitude_m"":14844.37,""transition"":""high_to_low""}]",2.0,4.41,0.59,1.31,1.07,2.35,4.48,9.87,3.6,7.93,2.48,5.46,0.82,1.81
1500gm,"[""KC0D-1"",""AE0SS-3""]",2025-06-17,97006.0,29567.43,true,EOSS-379,2hrs 36mins 10secs,9370.0,219,4889.0,1490.17,57.57,35.77,40.039,-104.36366666666666,5532.0,1686.15,39.882333333333335,-105.00783333333334,1.30,96874.0,29527.2,571,Rocketman,12.0,3.66,0.77,1.7,57.57,35.77,"[{""altitude_ft"":31977.0,""altitude_m"":9746.59,""transition"":""high_to_low""}]",1.5,3.31,1.8,3.97,1.57,3.47,5.65,12.45,5.84,12.87,4.15,9.14,0.77,1.7
3000gm,"[""KC0D-1"",""AE0SS-1"",""KC0D-14"",""AE0SS-3""]",2025-07-26,98168.0,29921.61,true,EOSS-380,1hrs 38mins 0secs,5880.0,392,5273.0,1607.21,35.49,22.05,39.596833333333336,-103.462,5786.0,1763.57,39.2785,-103.49516666666666,1.20,98123.0,29907.89,709,Rocketman,12.0,3.66,0.77,1.7,35.49,22.05,"[{""altitude_ft"":27499.0,""altitude_m"":8381.7,""transition"":""low_to_high""},{""altitude_ft"":65789.0,""altitude_m"":20052.49,""transition"":""high_to_low""}]",3.0,6.61,4.35,9.59,2.85,6.28,10.97,24.18,10.16,22.4,7.97,17.56,0.77,1.7
1500gm,"[""KC0D-1"",""AE0SS-3""]",2025-08-02,94809.0,28897.78,true,EOSS-381,2hrs 20mins 20secs,8420.0,242,5106.0,1556.31,54.99,34.17,39.03216666666667,-103.11566666666668,5403.0,1646.83,39.23616666666667,-103.697,1.30,94633.0,28844.14,487,Rocketman,12.0,3.66,0.77,1.7,54.99,34.17,"[{""altitude_ft"":45792.0,""altitude_m"":13957.4,""transition"":""high_to_low""}]",1.5,3.31,2.39,5.28,1.57,3.47,6.24,13.76,6.61,14.58,4.74,10.45,0.77,1.7
1500gm,"[""KC0D-2"",""AE0SS-2""]",2025-08-02,96821.0,29511.04,true,EOSS-382,2hrs 19mins 53secs,8393.0,242,5143.0,1567.59,52.75,32.78,39.038333333333334,-103.1405,5395.0,1644.4,39.236,-103.697,1.30,96468.0,29403.45,542,Rocketman,12.0,3.66,0.77,1.7,52.75,32.78,"[{""altitude_ft"":51661.0,""altitude_m"":15746.27,""transition"":""high_to_low""}]",1.5,3.31,2.51,5.53,1.47,3.24,6.25,13.78,6.62,14.6,4.75,10.47,0.77,1.7
1500gm,"[""KC0D-1"",""AE0SS-3""]",2025-10-18,96576.0,29436.36,true,EOSS-383,2hrs 26mins 30secs,8790.0,219,4276.0,1303.32,121.7,75.62,38.92016666666667,-102.34566666666667,5420.0,1652.02,39.236,-103.69666666666669,1.30,96350.0,29367.48,449,Rocketman,12.0,3.66,0.77,1.7,121.7,75.62,"[{""altitude_ft"":40983.0,""altitude_m"":12491.62,""transition"":""high_to_low""}]",1.5,3.31,1.61,3.54,1.77,3.9,5.64,12.44,5.84,12.87,4.15,9.14,0.77,1.7
3000gm,"[""KC0D-1"",""AE0SS-3""]",2025-11-2,101862.0,31047.54,true,EOSS-384,2hrs 6mins 0secs,7560.0,347,4828.0,1471.57,96.51,59.97,39.707166666666666,-103.16716666666666,4563.0,1390.8,40.224833333333336,-104.07716666666668,1.20,101770.0,31019.5,333,Rocketman,12.0,3.66,0.77,1.7,96.51,59.97,"[{""altitude_ft"":61358.0,""altitude_m"":18701.92,""transition"":""high_to_low""}]",3.0,6.61,4.27,9.42,1.66,3.67,9.71,21.41,8.65,19.07,6.71,14.79,0.77,1.7
3000gm,"[""KC0D-2"",""AE0SS-2""]",2025-11-2,95917.0,29235.5,true,EOSS-385,1hrs 54mins 23secs,6863.0,355,4868.0,1483.77,90.3,56.11,39.74183333333333,-103.22433333333332,4557.0,1388.97,40.224833333333336,-104.07733333333331,1.20,95809.0,29202.58,331,Rocketman,12.0,3.66,0.77,1.7,90.3,56.11,"[{""altitude_ft"":12746.0,""altitude_m"":3884.98,""transition"":""low_to_high""},{""altitude_ft"":60675.0,""altitude_m"":18493.74,""transition"":""high_to_low""}]",3.0,6.61,4.61,10.16,1.56,3.44,9.94,21.92,8.93,19.69,6.94,15.3,0.77,1.7
3000gm,"[""KC0D-1"",""AE0SS-1"",""AE0SS-3""]",2025-11-8,100181.0,30535.17,true,EOSS-386,1hrs 37mins 50secs,5870.0,344,5140.0,1566.67,150.94,93.79,39.463166666666666,-102.612,4567.0,1392.02,40.224666666666664,-104.07716666666668,1.20,99888.0,30445.86,350,Rocketman,12.0,3.66,0.77,1.7,150.94,93.79,"[{""altitude_ft"":35549.0,""altitude_m"":10835.34,""transition"":""low_to_high""},{""altitude_ft"":66344.0,""altitude_m"":20221.65,""transition"":""high_to_low""}]",3.0,6.61,3.54,7.8,2.32,5.12,9.63,21.23,8.55,18.86,6.63,14.61,0.77,1.7
3000gm,"[""KC0D-2"",""AE0SS-2""]",2025-11-8,89811.0,27374.39,true,EOSS-387,1hrs 37mins 7secs,5827.0,344,4606.0,1403.91,163.59,101.65,39.414,-102.47716666666666,4564.0,1391.11,40.224833333333336,-104.07716666666668,1.20,89477.0,27272.59,221,Rocketman,12.0,3.66,0.77,1.7,163.59,101.65,"[{""altitude_ft"":32114.0,""altitude_m"":9788.35,""transition"":""low_to_high""},{""altitude_ft"":73669.0,""altitude_m"":22454.31,""transition"":""high_to_low""}]",3.0,6.61,4.37,9.63,1.47,3.24,9.61,21.19,8.53,18.81,6.61,14.57,0.77,1.7
1500gm,"[""KC0D-3"",""KC0D-1"",""AE0SS-1""]",2025-12-6,76670.0,23369.02,true,EOSS-388,1hrs 52mins 30secs,6750.0,239,5967.0,1818.74,181.05,112.5,38.89266666666666,-102.15183333333331,5218.0,1590.45,39.60816666666667,-104.04216666666666,1.30,76515.0,23321.77,608,Rocketman,12.0,3.66,0.82,1.81,181.05,112.5,"[{""altitude_ft"":31496.0,""altitude_m"":9599.98,""transition"":""high_to_low""}]",1.5,3.31,1.76,3.88,2.09,4.61,6.17,13.6,6.52,14.38,4.67,10.3,0.82,1.81
1500gm,"[""KC0D-14"",""AE0SS-3""]",2025-12-6,91765.0,27969.97,true,EOSS-389,2hrs 5mins 0secs,7500.0,298,4178.0,1273.45,175.47,109.03,38.92883333333333,-102.20083333333334,5215.0,1589.53,39.60816666666667,-104.04216666666666,1.30,91662.0,27938.58,432,Rocketman,12.0,3.66,0.77,1.7,175.47,109.03,"[{""altitude_ft"":38686.0,""altitude_m"":11791.49,""transition"":""high_to_low""}]",1.5,3.31,4.42,9.74,1.0,2.2,7.68,16.94,8.49,18.72,6.19,13.64,0.77,1.7
1500gm,"[""KC0D-2"",""AE0SS-4""]",2025-12-6,94256.0,28729.23,true,EOSS-390,2hrs 5mins 59secs,7559.0,273,4873.0,1485.29,171.07,106.3,38.9445,-102.24733333333332,5209.0,1587.7,39.608,-104.04216666666666,1.30,94245.0,28725.88,381,Rocketman,12.0,3.66,0.77,1.7,171.07,106.3,"[{""altitude_ft"":38987.0,""altitude_m"":11883.24,""transition"":""high_to_low""}]",1.5,3.31,3.32,7.31,1.47,3.24,7.05,15.55,7.67,16.91,5.56,12.25,0.77,1.7
1500gm,"[""KC0D-2"",""AE0SS-2"",""AE0SS-1"",""K0SCC-14"",""K0SCC-13""]",2026-03-21,91900.0,28011.12,true,EOSS-391,1hrs 55mins 22secs,6922.0,242,5296.0,1614.22,67.32,41.83,39.32751666666667,-103.34693333333334,5211.0,1588.31,39.60831666666667,-104.04231666666666,1.30,91833.0,27990.7,924,Rocketman,12.0,3.66,0.77,1.7,67.32,41.83,"[{""altitude_ft"":61585.0,""altitude_m"":18771.11,""transition"":""high_to_low""}]",1.5,3.31,3.47,7.64,0.53,1.16,6.26,13.8,6.64,14.64,4.76,10.5,0.77,1.7
3000gm,"[""KC0D-2"",""AE0SS-4""]",2026-04-04,84489.0,25752.25,true,EOSS-392,1hrs 38mins 1secs,5881.0,371,5794.0,1766.01,83.62,51.96,39.25783333333333,-103.17983333333332,5210.0,1588.01,39.60816666666667,-104.04216666666666,1.20,84283.0,25689.46,241,Rocketman,12.0,3.66,0.77,1.7,83.62,51.96,"[{""altitude_ft"":58392.0,""altitude_m"":17797.88,""transition"":""high_to_low""}]",3.0,6.61,5.07,11.18,1.53,3.38,10.37,22.86,9.44,20.82,7.37,16.25,0.77,1.7
3000gm,"[""AE0SS-1"",""AE0SS-3""]",2026-04-04,97827.0,29817.67,true,EOSS-393,2hrs 0mins 30secs,7230.0,374,4885.0,1488.95,96.51,59.97,39.25083333333333,-103.01733333333334,5214.0,1589.23,39.60816666666667,-104.04233333333332,1.20,97827.0,29817.67,456,Rocketman,12.0,3.66,0.79,1.75,96.51,59.97,"[{""altitude_ft"":62992.0,""altitude_m"":19199.96,""transition"":""high_to_low""}]",3.0,6.61,5.2,11.47,1.46,3.21,10.45,23.04,9.54,21.04,7.45,16.43,0.79,1.75
1500gm,"[""AE0SS-1"",""AE0SS-3""]",2026-04-12,91837.0,27991.92,true,EOSS-394,2hrs 7mins 30secs,7650.0,287,4595.0,1400.56,90.57,56.28,40.01166666666666,-103.12033333333332,5216.0,1589.84,39.608,-104.04216666666666,1.30,91612.0,27923.34,302,Rocketman,12.0,3.66,0.79,1.75,90.57,56.28,"[{""altitude_ft"":41952.0,""altitude_m"":12786.97,""transition"":""high_to_low""},{""altitude_ft"":54733.0,""altitude_m"":16682.62,""transition"":""low_to_high""}]",1.5,3.31,3.46,7.62,1.65,3.64,7.4,16.32,8.12,17.91,5.9,13.01,0.79,1.75
3000gm,"[""KC0D-2"",""K0SCC-13"",""AE0SS-4""]",2026-04-12,99167.0,30226.1,true,EOSS-395,1hrs 55mins 29secs,6929.0,460,4617.0,1407.26,85.13,52.9,39.89648333333333,-103.11896666666668,5211.0,1588.31,39.608,-104.04216666666666,1.20,99059.0,30193.18,353,Rocketman,12.0,3.66,0.77,1.7,85.13,52.9,"[{""altitude_ft"":12263.0,""altitude_m"":3737.76,""transition"":""low_to_high""},{""altitude_ft"":64144.0,""altitude_m"":19551.09,""transition"":""high_to_low""}]",3.0,6.61,7.02,15.47,2.08,4.58,12.86,28.36,12.44,27.42,9.87,21.75,0.77,1.7
